Transaction Hash,Status,Method,Blockno,DateTime (UTC),From,From_Nametag,To,To_Nametag,Amount,Value (USD),Txn Fee
0x152ebccfed99c9f5170abf4476ac42a3fd0ab2e5c1dbc363f57715ef4b6875d7,Success,Operate Device,67011000,31/03/2026 22:54,0x02C2A0Ca41D850185fd29D81a1F2F894Ee610B3f,,0xc2d2b7fFa11Ea4DA2484759ee93d8DB157E8F0c1,,0 BNB,$0.00,0.000213
0xf0a970b6352aca7a050dbc8ee71b5c3df940c34989e667cfa56be07b4c45a051,Success,Define Device,67010966,31/03/2026 17:41,0x02C2A0Ca41D850185fd29D81a1F2F894Ee610B3f,,0xc2d2b7fFa11Ea4DA2484759ee93d8DB157E8F0c1,,0 BNB,$0.00,0.00044
0xb36bcfb5b83d18c6df01348428fd4b3874d50993b7e4f5a7db4cdba06bcf3a7a,Success,Remove Device,67010946,31/03/2026 10:58,0x02C2A0Ca41D850185fd29D81a1F2F894Ee610B3f,,0xc2d2b7fFa11Ea4DA2484759ee93d8DB157E8F0c1,,0 BNB,$0.00,0.000122
0xce36208f0fe6e65f5d26ed1719049b6bd00806d1a2dd1d3269f3b0f8c26fd117,Success,Remove Device,67010933,31/03/2026 05:55,0x02C2A0Ca41D850185fd29D81a1F2F894Ee610B3f,,0xc2d2b7fFa11Ea4DA2484759ee93d8DB157E8F0c1,,0 BNB,$0.00,0.000122
0x45b787b3dbb6ddb3c546db5f1a0d4f38c95b60c17f75ed43d754e73b410fc314,Success,Operate Device,67010901,31/03/2026 00:08,0x02C2A0Ca41D850185fd29D81a1F2F894Ee610B3f,,0xc2d2b7fFa11Ea4DA2484759ee93d8DB157E8F0c1,,0 BNB,$0.00,0.000219
0x1f8e563e79861be5f936760d9476ac129cd338ddeb82b163a1d210c9dc59711b,Success,Operate Device,67003773,31/01/2026 21:40,0x02C2A0Ca41D850185fd29D81a1F2F894Ee610B3f,,0xc2d2b7fFa11Ea4DA2484759ee93d8DB157E8F0c1,,0 BNB,$0.00,0.000216
0x91b12d79ba61f8ee89e5024fba21ba5946c1ad27ca07a7fd47c4b809c7d9add6,Success,Operate Device,67003744,31/01/2026 13:54,0x02C2A0Ca41D850185fd29D81a1F2F894Ee610B3f,,0xc2d2b7fFa11Ea4DA2484759ee93d8DB157E8F0c1,,0 BNB,$0.00,0.000213
0xaa8d79a8e97538f0a50a3964c90fcd110bacd8ae938c7110c5953804241bcfb7,Success,Operate Device,67003716,31/01/2026 05:52,0x02C2A0Ca41D850185fd29D81a1F2F894Ee610B3f,,0xc2d2b7fFa11Ea4DA2484759ee93d8DB157E8F0c1,,0 BNB,$0.00,0.000219
0x1d0f2bcc04401e53b7f76f41fd4d331a8935d614c991a07057b066f50a8bed55,Success,Remove Device,67003671,31/01/2026 01:24,0x02C2A0Ca41D850185fd29D81a1F2F894Ee610B3f,,0xc2d2b7fFa11Ea4DA2484759ee93d8DB157E8F0c1,,0 BNB,$0.00,0.000122
0xf0c737fbb6ef38c1907e2f3cfa14f7d185cc818beaa0c07297bc34b8ebaabb73,Success,Grant Access,67014921,30/04/2026 20:04,0x02C2A0Ca41D850185fd29D81a1F2F894Ee610B3f,,0xc2d2b7fFa11Ea4DA2484759ee93d8DB157E8F0c1,,0 BNB,$0.00,0.000336
0x68d761d17d8ae0646ffc38015793cef0e31d61d0bf52d3cc386d6a39b8b37405,Success,Define Device,67014872,30/04/2026 14:37,0x02C2A0Ca41D850185fd29D81a1F2F894Ee610B3f,,0xc2d2b7fFa11Ea4DA2484759ee93d8DB157E8F0c1,,0 BNB,$0.00,0.000444
0xc11ca87e56da1d2945bb03ede75ae52f652faf757426f62ae9c08dd0590e0eb5,Success,Operate Device,67014848,30/04/2026 08:05,0x02C2A0Ca41D850185fd29D81a1F2F894Ee610B3f,,0xc2d2b7fFa11Ea4DA2484759ee93d8DB157E8F0c1,,0 BNB,$0.00,0.000215
0x9a596a86fa0b8f984bcd995868222d335a13ed6317e4e9669e5fa37d19a3b5a9,Success,Operate Device,67014808,30/04/2026 02:06,0x02C2A0Ca41D850185fd29D81a1F2F894Ee610B3f,,0xc2d2b7fFa11Ea4DA2484759ee93d8DB157E8F0c1,,0 BNB,$0.00,0.000215
0x2981ef16ab73701997b1a34472df696c1fc3f9cfdb4a913a9b94e21ada123ff9,Success,Operate Device,67010856,30/03/2026 16:54,0x02C2A0Ca41D850185fd29D81a1F2F894Ee610B3f,,0xc2d2b7fFa11Ea4DA2484759ee93d8DB157E8F0c1,,0 BNB,$0.00,0.000218
0xf47f7b53ddd8bfb90409d03736483d2e5a18e452a06efea11d234042a1bd5907,Success,Operate Device,67010839,30/03/2026 13:36,0x02C2A0Ca41D850185fd29D81a1F2F894Ee610B3f,,0xc2d2b7fFa11Ea4DA2484759ee93d8DB157E8F0c1,,0 BNB,$0.00,0.000218
0x2d6018049762f264acfa222bb3cbd5ca5196aa6cdcb2fa1f514ce949b7af45f7,Success,Operate Device,67010791,30/03/2026 10:47,0x02C2A0Ca41D850185fd29D81a1F2F894Ee610B3f,,0xc2d2b7fFa11Ea4DA2484759ee93d8DB157E8F0c1,,0 BNB,$0.00,0.000214
0xf0bb2495d3ad2f71e815fa7c294cb18d737317a1f423c1a8df3cc452f409c4ac,Success,Operate Device,67010751,30/03/2026 02:38,0x02C2A0Ca41D850185fd29D81a1F2F894Ee610B3f,,0xc2d2b7fFa11Ea4DA2484759ee93d8DB157E8F0c1,,0 BNB,$0.00,0.000213
0x1730dd363bf3a108e0cf8528d944c90194ccc79b10cd4045bdb04ca0a6f9b3e5,Success,Operate Device,67003659,30/01/2026 19:56,0x02C2A0Ca41D850185fd29D81a1F2F894Ee610B3f,,0xc2d2b7fFa11Ea4DA2484759ee93d8DB157E8F0c1,,0 BNB,$0.00,0.000213
0x617ca79193205c42b64ac719988dd756cd4448d0df4890c55bc2052eb1c492e3,Success,Operate Device,67003645,30/01/2026 16:31,0x02C2A0Ca41D850185fd29D81a1F2F894Ee610B3f,,0xc2d2b7fFa11Ea4DA2484759ee93d8DB157E8F0c1,,0 BNB,$0.00,0.000215
0x5c8656b23ea424ae062b4e6f3750d5f7bc47a2ec2f5752aabaead67c6cf34d7d,Success,Operate Device,67003597,30/01/2026 08:51,0x02C2A0Ca41D850185fd29D81a1F2F894Ee610B3f,,0xc2d2b7fFa11Ea4DA2484759ee93d8DB157E8F0c1,,0 BNB,$0.00,0.000219
0x8b2b31dd0ac47f2a2b6d4a76d9b73c9a68f42b218d38116ed65a6202c496f183,Success,Operate Device,67003573,30/01/2026 01:30,0x02C2A0Ca41D850185fd29D81a1F2F894Ee610B3f,,0xc2d2b7fFa11Ea4DA2484759ee93d8DB157E8F0c1,,0 BNB,$0.00,0.000214
0xac1a3aa229b2fc483f7ea575cf8f8695dfa1702882cf8e20bd7c9d16675a6786,Success,Grant Access,67014780,29/04/2026 23:03,0x02C2A0Ca41D850185fd29D81a1F2F894Ee610B3f,,0xc2d2b7fFa11Ea4DA2484759ee93d8DB157E8F0c1,,0 BNB,$0.00,0.000339
0x53e4f6ce96b472a055f896c50afc70701a38d0c1933580985ef9b35d9c67ec54,Success,Grant Access,67014737,29/04/2026 19:49,0x02C2A0Ca41D850185fd29D81a1F2F894Ee610B3f,,0xc2d2b7fFa11Ea4DA2484759ee93d8DB157E8F0c1,,0 BNB,$0.00,0.00033
0x86d513477f426d0c5bbd9ea3f1a9cebedd16291b6ca26f14a39e224c4575cf7e,Success,Revoke Access,67014704,29/04/2026 15:32,0x02C2A0Ca41D850185fd29D81a1F2F894Ee610B3f,,0xc2d2b7fFa11Ea4DA2484759ee93d8DB157E8F0c1,,0 BNB,$0.00,0.000123
0xb9f3f3cfa4213a37b925c5e508dfe81c97dbc8a03e85c483ef65244c8c4baf27,Success,Operate Device,67014684,29/04/2026 07:13,0x02C2A0Ca41D850185fd29D81a1F2F894Ee610B3f,,0xc2d2b7fFa11Ea4DA2484759ee93d8DB157E8F0c1,,0 BNB,$0.00,0.000218
0x9b910d02ff074b53101b41e9f7ae2cdf037fa0e919a5c743fc106f18ba8a5b87,Success,Operate Device,67014659,29/04/2026 02:09,0x02C2A0Ca41D850185fd29D81a1F2F894Ee610B3f,,0xc2d2b7fFa11Ea4DA2484759ee93d8DB157E8F0c1,,0 BNB,$0.00,0.000215
0x3c764e7555773add69f71aa2bc3495f219102cf27190a61c195c03d212ead09b,Success,Operate Device,67010733,29/03/2026 19:24,0x02C2A0Ca41D850185fd29D81a1F2F894Ee610B3f,,0xc2d2b7fFa11Ea4DA2484759ee93d8DB157E8F0c1,,0 BNB,$0.00,0.000216
0x02b4d235eb62e122b90fa1468539f69fc2e5ead11d52bcfcd7e9e9aacf1e3565,Success,Operate Device,67010687,29/03/2026 13:07,0x02C2A0Ca41D850185fd29D81a1F2F894Ee610B3f,,0xc2d2b7fFa11Ea4DA2484759ee93d8DB157E8F0c1,,0 BNB,$0.00,0.000213
0x985f3454f8a6187c28d77c41b5669065e1e629d633f2fec3949598a73ac4025e,Success,Operate Device,67010664,29/03/2026 07:20,0x02C2A0Ca41D850185fd29D81a1F2F894Ee610B3f,,0xc2d2b7fFa11Ea4DA2484759ee93d8DB157E8F0c1,,0 BNB,$0.00,0.000213
0x181dd0ea968256ee0594f31814fd500cfd6d3005ba646f5243b00faf0299e251,Success,Grant Access,67010619,29/03/2026 02:27,0x02C2A0Ca41D850185fd29D81a1F2F894Ee610B3f,,0xc2d2b7fFa11Ea4DA2484759ee93d8DB157E8F0c1,,0 BNB,$0.00,0.000342
0x374aec0a58a7c8592a4ba1afb70510a0cef16504c28f574c71126d2505985e16,Success,Operate Device,67003535,29/01/2026 17:22,0x02C2A0Ca41D850185fd29D81a1F2F894Ee610B3f,,0xc2d2b7fFa11Ea4DA2484759ee93d8DB157E8F0c1,,0 BNB,$0.00,0.000214
0xc36b0928a127c3428b5722f3f29b0238124d9554853641d4da3254fca80f0ce0,Success,Operate Device,67003501,29/01/2026 10:51,0x02C2A0Ca41D850185fd29D81a1F2F894Ee610B3f,,0xc2d2b7fFa11Ea4DA2484759ee93d8DB157E8F0c1,,0 BNB,$0.00,0.000215
0x3ca74d5d16a2082213f4fe232aff909b989681a4d84b7f8bace475b15014a770,Success,Operate Device,67003469,29/01/2026 07:42,0x02C2A0Ca41D850185fd29D81a1F2F894Ee610B3f,,0xc2d2b7fFa11Ea4DA2484759ee93d8DB157E8F0c1,,0 BNB,$0.00,0.000213
0x1ddd6dea7205074dcc1cf13e404688cceb9f0bdec623cf6ae9d219647bec8113,Success,Revoke Access,67014630,28/04/2026 20:35,0x02C2A0Ca41D850185fd29D81a1F2F894Ee610B3f,,0xc2d2b7fFa11Ea4DA2484759ee93d8DB157E8F0c1,,0 BNB,$0.00,0.000126
0xa48e93f21c86fb6c1008b25adecfcc1a16d90c70b1c308a8d60f37652d77eeda,Success,Operate Device,67014609,28/04/2026 15:03,0x02C2A0Ca41D850185fd29D81a1F2F894Ee610B3f,,0xc2d2b7fFa11Ea4DA2484759ee93d8DB157E8F0c1,,0 BNB,$0.00,0.000218
0xaacc0ab4953ac789257c39e2f32e4877e36c68d6142a36d5c131b2b3a1fb4745,Success,Operate Device,67014592,28/04/2026 07:21,0x02C2A0Ca41D850185fd29D81a1F2F894Ee610B3f,,0xc2d2b7fFa11Ea4DA2484759ee93d8DB157E8F0c1,,0 BNB,$0.00,0.000217
0x0d37b35224a7b66bf4aca99d56f56d31a67886682fec2b3d069f55bac2314f28,Success,Operate Device,67014556,28/04/2026 01:45,0x02C2A0Ca41D850185fd29D81a1F2F894Ee610B3f,,0xc2d2b7fFa11Ea4DA2484759ee93d8DB157E8F0c1,,0 BNB,$0.00,0.000217
0x69c102e2010ea5cb747a68423a45ec8244c9e42bf0ad55890857dd7ec1c833ef,Success,Remove Device,67010578,28/03/2026 19:26,0x02C2A0Ca41D850185fd29D81a1F2F894Ee610B3f,,0xc2d2b7fFa11Ea4DA2484759ee93d8DB157E8F0c1,,0 BNB,$0.00,0.000125
0x97c343322a929d755fb474d0e1a00a2e828f439a48f0cbe222aabf0e11980279,Success,Operate Device,67010542,28/03/2026 13:01,0x02C2A0Ca41D850185fd29D81a1F2F894Ee610B3f,,0xc2d2b7fFa11Ea4DA2484759ee93d8DB157E8F0c1,,0 BNB,$0.00,0.000216
0x5751db859f54d79ce0765db38411ac758fdf9b7d921e2571c55d0b42d388e3bb,Success,Grant Access,67010519,28/03/2026 06:29,0x02C2A0Ca41D850185fd29D81a1F2F894Ee610B3f,,0xc2d2b7fFa11Ea4DA2484759ee93d8DB157E8F0c1,,0 BNB,$0.00,0.000338
0x398cc5e043253ef53cfdb4ccfa0fbaf0eae2476787527ec593b785e579135790,Success,Operate Device,67010494,28/03/2026 02:38,0x02C2A0Ca41D850185fd29D81a1F2F894Ee610B3f,,0xc2d2b7fFa11Ea4DA2484759ee93d8DB157E8F0c1,,0 BNB,$0.00,0.000215
0x5e9a14a6d1daa6a1d62be0bbc1e80c96ae97b0dd3376e31a20ad2a23927d5526,Success,Operate Device,67007088,28/02/2026 20:41,0x02C2A0Ca41D850185fd29D81a1F2F894Ee610B3f,,0xc2d2b7fFa11Ea4DA2484759ee93d8DB157E8F0c1,,0 BNB,$0.00,0.000218
0x74508353046c2e3b0e28adec84a7a38986d6ad1da246f764e99a45dc2c6d1d78,Success,Operate Device,67007076,28/02/2026 15:40,0x02C2A0Ca41D850185fd29D81a1F2F894Ee610B3f,,0xc2d2b7fFa11Ea4DA2484759ee93d8DB157E8F0c1,,0 BNB,$0.00,0.000216
0x384dc38292b6be32f0486111ea5b2d29ea28e895f3711f43d1b24fe8a0e2452d,Success,Operate Device,67007056,28/02/2026 11:55,0x02C2A0Ca41D850185fd29D81a1F2F894Ee610B3f,,0xc2d2b7fFa11Ea4DA2484759ee93d8DB157E8F0c1,,0 BNB,$0.00,0.000217
0xde5ef770a02e31d80f194d427d43c6c6ba0bbfcb393074f2e002e3e1d7719558,Success,Operate Device,67007028,28/02/2026 04:48,0x02C2A0Ca41D850185fd29D81a1F2F894Ee610B3f,,0xc2d2b7fFa11Ea4DA2484759ee93d8DB157E8F0c1,,0 BNB,$0.00,0.000215
0x6d0943d786016f997678bc2aec7fbea4d8589299db8652e03af44d2ac7f8d95f,Success,Operate Device,67003451,28/01/2026 23:52,0x02C2A0Ca41D850185fd29D81a1F2F894Ee610B3f,,0xc2d2b7fFa11Ea4DA2484759ee93d8DB157E8F0c1,,0 BNB,$0.00,0.000216
0x65f3f8026ba5f47ade174404f5df1e70ba493b4643e72ab3df9ca455f8d0f006,Success,Operate Device,67003422,28/01/2026 19:00,0x02C2A0Ca41D850185fd29D81a1F2F894Ee610B3f,,0xc2d2b7fFa11Ea4DA2484759ee93d8DB157E8F0c1,,0 BNB,$0.00,0.00022
0x2912813afbc84ca553d2183a406d0d3c900dfa907484375ae64a5efb29b1c7c0,Success,Operate Device,67003400,28/01/2026 15:14,0x02C2A0Ca41D850185fd29D81a1F2F894Ee610B3f,,0xc2d2b7fFa11Ea4DA2484759ee93d8DB157E8F0c1,,0 BNB,$0.00,0.000217
0xb62c444f4df4b458b793435973f319f214873be3066f056e49d0c40acff9fd6f,Success,Operate Device,67003368,28/01/2026 09:24,0x02C2A0Ca41D850185fd29D81a1F2F894Ee610B3f,,0xc2d2b7fFa11Ea4DA2484759ee93d8DB157E8F0c1,,0 BNB,$0.00,0.000214
0xbc408c26e18541c5118686e3810ac289e9e5621ae1626b45d07e9874345d8a85,Success,Grant Access,67003349,28/01/2026 04:17,0x02C2A0Ca41D850185fd29D81a1F2F894Ee610B3f,,0xc2d2b7fFa11Ea4DA2484759ee93d8DB157E8F0c1,,0 BNB,$0.00,0.00034
0xbc5c8e979d5b647c15b5f7f65c03def8e462ab825758f7c7dd70880564d31adb,Success,Operate Device,67014524,27/04/2026 20:43,0x02C2A0Ca41D850185fd29D81a1F2F894Ee610B3f,,0xc2d2b7fFa11Ea4DA2484759ee93d8DB157E8F0c1,,0 BNB,$0.00,0.000215
0x6597eb5fd63b354a240ac077a9a1c5537fe6b92a4dac178ecc5dc79e3e7de38c,Success,Operate Device,67014484,27/04/2026 15:26,0x02C2A0Ca41D850185fd29D81a1F2F894Ee610B3f,,0xc2d2b7fFa11Ea4DA2484759ee93d8DB157E8F0c1,,0 BNB,$0.00,0.000219
0xa0e6f481be4ae7badc62c26ddf0d1d098094e4d913c54955c2a42b48bd1b23e7,Success,Revoke Access,67014449,27/04/2026 09:45,0x02C2A0Ca41D850185fd29D81a1F2F894Ee610B3f,,0xc2d2b7fFa11Ea4DA2484759ee93d8DB157E8F0c1,,0 BNB,$0.00,0.000122
0xc5bd4bad40798c619d122c4ffc15dc9178250d7676fe96ac0495f6373dc4446a,Success,Operate Device,67014409,27/04/2026 03:29,0x02C2A0Ca41D850185fd29D81a1F2F894Ee610B3f,,0xc2d2b7fFa11Ea4DA2484759ee93d8DB157E8F0c1,,0 BNB,$0.00,0.000214
0x977fa3d6c98a76692066c7df567a231bbdef03251a2ffdf97972e66dd2a1b5ae,Success,Revoke Access,67010479,27/03/2026 22:32,0x02C2A0Ca41D850185fd29D81a1F2F894Ee610B3f,,0xc2d2b7fFa11Ea4DA2484759ee93d8DB157E8F0c1,,0 BNB,$0.00,0.000122
0x5f50955b827d07fc8b1030130141937e0396e9e3af1fcd5f4c964c8c3c41f939,Success,Operate Device,67010452,27/03/2026 17:37,0x02C2A0Ca41D850185fd29D81a1F2F894Ee610B3f,,0xc2d2b7fFa11Ea4DA2484759ee93d8DB157E8F0c1,,0 BNB,$0.00,0.00022
0x392b6d022c4aa855127e1062cb4f8eb24c6f7aa6cf6f43e79c5c556eb6187ca5,Success,Grant Access,67010409,27/03/2026 10:21,0x02C2A0Ca41D850185fd29D81a1F2F894Ee610B3f,,0xc2d2b7fFa11Ea4DA2484759ee93d8DB157E8F0c1,,0 BNB,$0.00,0.00033
0x9ef2ea31ec1dac401bb85a1d19bdbfbeb973c152b925870bc63e9de3a5f7500a,Success,Grant Access,67010369,27/03/2026 06:53,0x02C2A0Ca41D850185fd29D81a1F2F894Ee610B3f,,0xc2d2b7fFa11Ea4DA2484759ee93d8DB157E8F0c1,,0 BNB,$0.00,0.000337
0x9ea19c805ba47837dae4c801cee46d4545b0b55b31d28937a0d024a251140d27,Success,Grant Access,67007011,27/02/2026 22:48,0x02C2A0Ca41D850185fd29D81a1F2F894Ee610B3f,,0xc2d2b7fFa11Ea4DA2484759ee93d8DB157E8F0c1,,0 BNB,$0.00,0.000341
0x1964599e0d4c9ed8f7c15c1aff488f5a7ee96851981cab08eb0aef0456c341b5,Success,Operate Device,67006980,27/02/2026 16:56,0x02C2A0Ca41D850185fd29D81a1F2F894Ee610B3f,,0xc2d2b7fFa11Ea4DA2484759ee93d8DB157E8F0c1,,0 BNB,$0.00,0.00022
0x3e8581ecda138494c104865793014f0be995238478ab6375a1657e8e286e8acc,Success,Remove Device,67006937,27/02/2026 13:57,0x02C2A0Ca41D850185fd29D81a1F2F894Ee610B3f,,0xc2d2b7fFa11Ea4DA2484759ee93d8DB157E8F0c1,,0 BNB,$0.00,0.000123
0xa2262db4049cb9a1c48ccf33c593c41dc99efb351750c4b989f6ca9927afd7d5,Success,Operate Device,67006892,27/02/2026 08:59,0x02C2A0Ca41D850185fd29D81a1F2F894Ee610B3f,,0xc2d2b7fFa11Ea4DA2484759ee93d8DB157E8F0c1,,0 BNB,$0.00,0.000213
0x9364717066e6543b27b0a168b9d0043220247567c9c3219dd1d50567fb40d328,Success,Operate Device,67006882,27/02/2026 04:19,0x02C2A0Ca41D850185fd29D81a1F2F894Ee610B3f,,0xc2d2b7fFa11Ea4DA2484759ee93d8DB157E8F0c1,,0 BNB,$0.00,0.000213
0xf1e708c46d9cdd3d898d2ddebeca993d07efa8df5a83466e92a534acddae5771,Success,Operate Device,67003305,27/01/2026 20:29,0x02C2A0Ca41D850185fd29D81a1F2F894Ee610B3f,,0xc2d2b7fFa11Ea4DA2484759ee93d8DB157E8F0c1,,0 BNB,$0.00,0.000214
0x16a2abb9ca488ecae537c316eaf2969a8ca1c3d33cd7eec6eece74648072719b,Success,Operate Device,67003290,27/01/2026 17:30,0x02C2A0Ca41D850185fd29D81a1F2F894Ee610B3f,,0xc2d2b7fFa11Ea4DA2484759ee93d8DB157E8F0c1,,0 BNB,$0.00,0.000215
0x2d0923f535f4e496db6cc183531ed4afc83681bc40751de888a997ac78b80601,Success,Operate Device,67003264,27/01/2026 09:31,0x02C2A0Ca41D850185fd29D81a1F2F894Ee610B3f,,0xc2d2b7fFa11Ea4DA2484759ee93d8DB157E8F0c1,,0 BNB,$0.00,0.000218
0x5533a4c9c2b2a46f1c36d239b6d0ad87f38f6f4e2a9a794f2f21fe58a6eb4b5c,Success,Operate Device,67003248,27/01/2026 03:53,0x02C2A0Ca41D850185fd29D81a1F2F894Ee610B3f,,0xc2d2b7fFa11Ea4DA2484759ee93d8DB157E8F0c1,,0 BNB,$0.00,0.000215
0xeede0449292dedd6f1ed1e7d249154e93ec85ecba1b854699a21bfd1cc1b7a93,Success,Operate Device,67014386,26/04/2026 23:32,0x02C2A0Ca41D850185fd29D81a1F2F894Ee610B3f,,0xc2d2b7fFa11Ea4DA2484759ee93d8DB157E8F0c1,,0 BNB,$0.00,0.000215
0xc4a9bbd8fb27c6aa20f2ba84159ba188a01e2e7b1a5411534addc49a96850adc,Success,Operate Device,67014336,26/04/2026 17:08,0x02C2A0Ca41D850185fd29D81a1F2F894Ee610B3f,,0xc2d2b7fFa11Ea4DA2484759ee93d8DB157E8F0c1,,0 BNB,$0.00,0.000215
0xeb900511765b212b0541ae93b33ac13fadf5e0c4b315651b1b1579a394055ef1,Success,Remove Device,67014314,26/04/2026 12:21,0x02C2A0Ca41D850185fd29D81a1F2F894Ee610B3f,,0xc2d2b7fFa11Ea4DA2484759ee93d8DB157E8F0c1,,0 BNB,$0.00,0.000125
0x785db35633d669783902de89c882c3e2616e94ed54138fb953d0fcc2fced2aa9,Success,Operate Device,67014284,26/04/2026 08:35,0x02C2A0Ca41D850185fd29D81a1F2F894Ee610B3f,,0xc2d2b7fFa11Ea4DA2484759ee93d8DB157E8F0c1,,0 BNB,$0.00,0.000216
0x4988f38e53dd1ff6bdea9080867e4ca62f12e19a1417534c5b4552744faa6fcd,Success,Revoke Access,67014240,26/04/2026 01:51,0x02C2A0Ca41D850185fd29D81a1F2F894Ee610B3f,,0xc2d2b7fFa11Ea4DA2484759ee93d8DB157E8F0c1,,0 BNB,$0.00,0.000123
0x711508aa02f20a72ce9a500e811c77ae9acbbcc2ec44acc0376b7744f8aa2a59,Success,Operate Device,67010332,26/03/2026 23:13,0x02C2A0Ca41D850185fd29D81a1F2F894Ee610B3f,,0xc2d2b7fFa11Ea4DA2484759ee93d8DB157E8F0c1,,0 BNB,$0.00,0.000214
0xdf14567458d71199d2d926e3802e757910106a4ce315aae24aa5b8077ef5264d,Success,Operate Device,67010314,26/03/2026 15:33,0x02C2A0Ca41D850185fd29D81a1F2F894Ee610B3f,,0xc2d2b7fFa11Ea4DA2484759ee93d8DB157E8F0c1,,0 BNB,$0.00,0.000218
0x9562fcc2f88bc7770ff4de779a8886839a02fe0b6a61f41955d0297fc1ddcd83,Success,Operate Device,67010265,26/03/2026 08:18,0x02C2A0Ca41D850185fd29D81a1F2F894Ee610B3f,,0xc2d2b7fFa11Ea4DA2484759ee93d8DB157E8F0c1,,0 BNB,$0.00,0.000214
0xa245ace8b29bb621034fbb1cb1984b478e50a3c7829eff1322f0e48744993210,Success,Grant Access,67010254,26/03/2026 02:08,0x02C2A0Ca41D850185fd29D81a1F2F894Ee610B3f,,0xc2d2b7fFa11Ea4DA2484759ee93d8DB157E8F0c1,,0 BNB,$0.00,0.000337
0x1aa2e99cf01d83b61fced07bc0b5a8edc654f65b182bf89d362379255ea5ffeb,Success,Remove Device,67006870,26/02/2026 23:21,0x02C2A0Ca41D850185fd29D81a1F2F894Ee610B3f,,0xc2d2b7fFa11Ea4DA2484759ee93d8DB157E8F0c1,,0 BNB,$0.00,0.000125
0x3ed8a991b2f7b23efa61968811010c875180276db48a2b82550a16cfb8f6470c,Success,Operate Device,67006859,26/02/2026 16:28,0x02C2A0Ca41D850185fd29D81a1F2F894Ee610B3f,,0xc2d2b7fFa11Ea4DA2484759ee93d8DB157E8F0c1,,0 BNB,$0.00,0.000216
0x91370b6f99056017eedfa82e47028057485666d0faabc8a88ec6395e36699099,Success,Operate Device,67006832,26/02/2026 10:39,0x02C2A0Ca41D850185fd29D81a1F2F894Ee610B3f,,0xc2d2b7fFa11Ea4DA2484759ee93d8DB157E8F0c1,,0 BNB,$0.00,0.000213
0x88261c43941082681c86260e988ab10250be4ba93f90ccd3ede48f2f455ab489,Success,Grant Access,67006806,26/02/2026 04:25,0x02C2A0Ca41D850185fd29D81a1F2F894Ee610B3f,,0xc2d2b7fFa11Ea4DA2484759ee93d8DB157E8F0c1,,0 BNB,$0.00,0.000336
0x73411a9a0916ad470eb00a129f1605b5b37ddd2fa1f6c49287ef8ec939c0a3b4,Success,Define Device,67003238,26/01/2026 20:02,0x02C2A0Ca41D850185fd29D81a1F2F894Ee610B3f,,0xc2d2b7fFa11Ea4DA2484759ee93d8DB157E8F0c1,,0 BNB,$0.00,0.000443
0x8b50bd56c24d9ff69a7c0b2c90e54d3a6a0f585264266c890c77c5e868bc4251,Success,Operate Device,67003194,26/01/2026 12:29,0x02C2A0Ca41D850185fd29D81a1F2F894Ee610B3f,,0xc2d2b7fFa11Ea4DA2484759ee93d8DB157E8F0c1,,0 BNB,$0.00,0.00022
0x7f9006e4cb1e106d22ef7f4222dafe0a832160395ab3cbc875a8da68e3335a24,Success,Operate Device,67003172,26/01/2026 06:26,0x02C2A0Ca41D850185fd29D81a1F2F894Ee610B3f,,0xc2d2b7fFa11Ea4DA2484759ee93d8DB157E8F0c1,,0 BNB,$0.00,0.000215
0xa282f276bb40d62fd60db3f1ec7e4e9d3b4b3da893d5904455c0a88f5589c0cc,Success,Grant Access,67003144,26/01/2026 00:46,0x02C2A0Ca41D850185fd29D81a1F2F894Ee610B3f,,0xc2d2b7fFa11Ea4DA2484759ee93d8DB157E8F0c1,,0 BNB,$0.00,0.000337
0xc8e40932588b617115c18b7cdb58d6688aa1b60ff0e84af047996484edaf873a,Success,Operate Device,67014207,25/04/2026 19:06,0x02C2A0Ca41D850185fd29D81a1F2F894Ee610B3f,,0xc2d2b7fFa11Ea4DA2484759ee93d8DB157E8F0c1,,0 BNB,$0.00,0.00022
0x21654d009bab12e4b07e334dfb5995bc3833246baeae11d8e54610e016b8b107,Success,Revoke Access,67014190,25/04/2026 15:08,0x02C2A0Ca41D850185fd29D81a1F2F894Ee610B3f,,0xc2d2b7fFa11Ea4DA2484759ee93d8DB157E8F0c1,,0 BNB,$0.00,0.000124
0xd94dbf6b4e47834db08e03b0e141fd6103b89b80f5271a66575a626edf5e5749,Success,Revoke Access,67014141,25/04/2026 10:03,0x02C2A0Ca41D850185fd29D81a1F2F894Ee610B3f,,0xc2d2b7fFa11Ea4DA2484759ee93d8DB157E8F0c1,,0 BNB,$0.00,0.000123
0x40d4fc5779e2b43cb782b61f972dff631e9360d4778c62fc76a53923c2465453,Success,Remove Device,67014092,25/04/2026 06:22,0x02C2A0Ca41D850185fd29D81a1F2F894Ee610B3f,,0xc2d2b7fFa11Ea4DA2484759ee93d8DB157E8F0c1,,0 BNB,$0.00,0.000125
0x5105a44162fede0d467b1ae1b46634d217649f390fa4dce52e2cf074edfb257d,Success,Revoke Access,67014043,25/04/2026 00:50,0x02C2A0Ca41D850185fd29D81a1F2F894Ee610B3f,,0xc2d2b7fFa11Ea4DA2484759ee93d8DB157E8F0c1,,0 BNB,$0.00,0.000123
0x250d16ae411cab68e739816bec898281f9f010988b5f1c7057354bca5395c926,Success,Grant Access,67010243,25/03/2026 21:24,0x02C2A0Ca41D850185fd29D81a1F2F894Ee610B3f,,0xc2d2b7fFa11Ea4DA2484759ee93d8DB157E8F0c1,,0 BNB,$0.00,0.00034
0x26397bba56a3af73a85b2c32728b18376ba11716c25010f089fe68967e4341e6,Success,Operate Device,67010208,25/03/2026 13:39,0x02C2A0Ca41D850185fd29D81a1F2F894Ee610B3f,,0xc2d2b7fFa11Ea4DA2484759ee93d8DB157E8F0c1,,0 BNB,$0.00,0.000218
0x5ff343b6af7d8582365c8e0825c658733bb1bbdb54086fdc6b69db5ce7244cae,Success,Operate Device,67010164,25/03/2026 06:24,0x02C2A0Ca41D850185fd29D81a1F2F894Ee610B3f,,0xc2d2b7fFa11Ea4DA2484759ee93d8DB157E8F0c1,,0 BNB,$0.00,0.000213
0xa4d8253a10ce019a0a302ae301830dc5d5777940d9a67a135f5283bd08be0e2f,Success,Operate Device,67010136,25/03/2026 01:02,0x02C2A0Ca41D850185fd29D81a1F2F894Ee610B3f,,0xc2d2b7fFa11Ea4DA2484759ee93d8DB157E8F0c1,,0 BNB,$0.00,0.000216
0xa5e6a0d92474f2295d44a6b1083cbda7c579ac6cb566a29f381bbd6f41862dfa,Success,Operate Device,67006760,25/02/2026 21:57,0x02C2A0Ca41D850185fd29D81a1F2F894Ee610B3f,,0xc2d2b7fFa11Ea4DA2484759ee93d8DB157E8F0c1,,0 BNB,$0.00,0.000217
0x949a05fb019fe2c31ecb4711b14748d69317b20c19a2f3a32b60f37b647dd1c5,Success,Grant Access,67006712,25/02/2026 18:42,0x02C2A0Ca41D850185fd29D81a1F2F894Ee610B3f,,0xc2d2b7fFa11Ea4DA2484759ee93d8DB157E8F0c1,,0 BNB,$0.00,0.000338
0x9f5eafed2e129fc98bcb3eea44262304bf6cd85ae48615e03389e6235f7105f6,Success,Operate Device,67006684,25/02/2026 11:17,0x02C2A0Ca41D850185fd29D81a1F2F894Ee610B3f,,0xc2d2b7fFa11Ea4DA2484759ee93d8DB157E8F0c1,,0 BNB,$0.00,0.000218
0x61e66af74691cb044e30840f4db3cac0389bace1b5962d88500d86b604aee850,Success,Define Device,67006667,25/02/2026 03:48,0x02C2A0Ca41D850185fd29D81a1F2F894Ee610B3f,,0xc2d2b7fFa11Ea4DA2484759ee93d8DB157E8F0c1,,0 BNB,$0.00,0.000443
0x5b15adbb40b9d5671b926b89351c44d53e93eb2fc71945e80b6357b350fa8e46,Success,Operate Device,67003103,25/01/2026 18:10,0x02C2A0Ca41D850185fd29D81a1F2F894Ee610B3f,,0xc2d2b7fFa11Ea4DA2484759ee93d8DB157E8F0c1,,0 BNB,$0.00,0.000218
0x04814262f7bfac856879dc55ac5d45b27637f37fb25349a2cc3e083c181b4ff1,Success,Operate Device,67003089,25/01/2026 14:28,0x02C2A0Ca41D850185fd29D81a1F2F894Ee610B3f,,0xc2d2b7fFa11Ea4DA2484759ee93d8DB157E8F0c1,,0 BNB,$0.00,0.000214
0x465dabde7102d8bd52371c41dc78672c70adf3f0a92b78f86b88d0c26646e2b1,Success,Add Super Admin,67003067,25/01/2026 11:20,0x02C2A0Ca41D850185fd29D81a1F2F894Ee610B3f,,0xc2d2b7fFa11Ea4DA2484759ee93d8DB157E8F0c1,,0 BNB,$0.00,0.000267
0x1fe1526c86c3993e6213c373db76e135e29d4f800fb2794055afcfcc5343526a,Success,Operate Device,67003019,25/01/2026 06:30,0x02C2A0Ca41D850185fd29D81a1F2F894Ee610B3f,,0xc2d2b7fFa11Ea4DA2484759ee93d8DB157E8F0c1,,0 BNB,$0.00,0.000213
0x49cfde4afa55ad3336300f819b507672d2f54740ee919fe0c67962d19eab4746,Success,Operate Device,67002975,25/01/2026 01:07,0x02C2A0Ca41D850185fd29D81a1F2F894Ee610B3f,,0xc2d2b7fFa11Ea4DA2484759ee93d8DB157E8F0c1,,0 BNB,$0.00,0.000213
0x50ff0366c956a2ef8691508fc84d6bc586fcb50b669fe12540a7a9b80f904fbc,Success,Operate Device,67014029,24/04/2026 20:11,0x02C2A0Ca41D850185fd29D81a1F2F894Ee610B3f,,0xc2d2b7fFa11Ea4DA2484759ee93d8DB157E8F0c1,,0 BNB,$0.00,0.000214
0xfd17a97477b5a06327c657d9eedaec20e63921c712903608fc144885e7526ca3,Success,Remove Device,67014001,24/04/2026 12:02,0x02C2A0Ca41D850185fd29D81a1F2F894Ee610B3f,,0xc2d2b7fFa11Ea4DA2484759ee93d8DB157E8F0c1,,0 BNB,$0.00,0.000123
0xe78edd154e984a1cc3e5f56cef00905b277e17a4fd28d833289d1ecf2878cc64,Success,Grant Access,67013982,24/04/2026 08:53,0x02C2A0Ca41D850185fd29D81a1F2F894Ee610B3f,,0xc2d2b7fFa11Ea4DA2484759ee93d8DB157E8F0c1,,0 BNB,$0.00,0.000331
0x8a2697cad53dd401214b171a2cf87e366eb60b3f1bc92dfc02738ccb83c63449,Success,Operate Device,67013938,24/04/2026 01:08,0x02C2A0Ca41D850185fd29D81a1F2F894Ee610B3f,,0xc2d2b7fFa11Ea4DA2484759ee93d8DB157E8F0c1,,0 BNB,$0.00,0.000217
0x3216937fe193de1c25695d93bf93040d7f18aec62eea56ca0da994650aa4a122,Success,Revoke Access,67010103,24/03/2026 20:53,0x02C2A0Ca41D850185fd29D81a1F2F894Ee610B3f,,0xc2d2b7fFa11Ea4DA2484759ee93d8DB157E8F0c1,,0 BNB,$0.00,0.000125
0x0f29e43369f1b586b041130b4f2b1cc4bfb1eb5a2168443db6b9247d7eaed8bc,Success,Grant Access,67010061,24/03/2026 16:18,0x02C2A0Ca41D850185fd29D81a1F2F894Ee610B3f,,0xc2d2b7fFa11Ea4DA2484759ee93d8DB157E8F0c1,,0 BNB,$0.00,0.000335
0x1fc6ce225383c4ec75cd6f1189ed147bbfc0f1e204d6c2174a2b5e6d34cee53c,Success,Operate Device,67010050,24/03/2026 10:32,0x02C2A0Ca41D850185fd29D81a1F2F894Ee610B3f,,0xc2d2b7fFa11Ea4DA2484759ee93d8DB157E8F0c1,,0 BNB,$0.00,0.00022
0x2904da64322c2a06431cddf89dbc05058e377c9ca54c089af74f2c217749c1c9,Success,Operate Device,67010005,24/03/2026 04:18,0x02C2A0Ca41D850185fd29D81a1F2F894Ee610B3f,,0xc2d2b7fFa11Ea4DA2484759ee93d8DB157E8F0c1,,0 BNB,$0.00,0.000214
0xb7d7d5c6b99b2ddf775c017c99552540c7cf5b85edc7cde84b7b9a9b2aa2e6f1,Success,Operate Device,67006649,24/02/2026 19:31,0x02C2A0Ca41D850185fd29D81a1F2F894Ee610B3f,,0xc2d2b7fFa11Ea4DA2484759ee93d8DB157E8F0c1,,0 BNB,$0.00,0.000218
0x359c4629b62453b3ff36c6d1035d4eb8249085eb9001e0cc65a775906c7a3125,Success,Operate Device,67006607,24/02/2026 15:13,0x02C2A0Ca41D850185fd29D81a1F2F894Ee610B3f,,0xc2d2b7fFa11Ea4DA2484759ee93d8DB157E8F0c1,,0 BNB,$0.00,0.000217
0xae1bb1e857ad7549feb7101ef1d6a8e3b1005deab6038ab911839b977ecb6ded,Success,Remove Device,67006589,24/02/2026 09:44,0x02C2A0Ca41D850185fd29D81a1F2F894Ee610B3f,,0xc2d2b7fFa11Ea4DA2484759ee93d8DB157E8F0c1,,0 BNB,$0.00,0.000125
0x1a657fd5ef5bf3a85e66a2a38ca83015f3703128bc48cb8d88df623a9bc5a123,Success,Operate Device,67006562,24/02/2026 05:46,0x02C2A0Ca41D850185fd29D81a1F2F894Ee610B3f,,0xc2d2b7fFa11Ea4DA2484759ee93d8DB157E8F0c1,,0 BNB,$0.00,0.000217
0x5b0197d2588341e8b58e9aba8727952995fce1243db3aa474cbf2eb4e51fef40,Success,Operate Device,67006537,24/02/2026 01:59,0x02C2A0Ca41D850185fd29D81a1F2F894Ee610B3f,,0xc2d2b7fFa11Ea4DA2484759ee93d8DB157E8F0c1,,0 BNB,$0.00,0.000216
0x9720ac74fc4ab61965706efff342659ea04aa732a1884b002806136bc285237b,Success,Grant Access,67002926,24/01/2026 20:07,0x02C2A0Ca41D850185fd29D81a1F2F894Ee610B3f,,0xc2d2b7fFa11Ea4DA2484759ee93d8DB157E8F0c1,,0 BNB,$0.00,0.000339
0xb64a4510bd39b6e367cdaa375efcf43ca317c56fd3c17570af56f2729196d736,Success,Grant Access,67002913,24/01/2026 12:20,0x02C2A0Ca41D850185fd29D81a1F2F894Ee610B3f,,0xc2d2b7fFa11Ea4DA2484759ee93d8DB157E8F0c1,,0 BNB,$0.00,0.00034
0x3d4d7f4ec02c982fdbb5257d559c836f26d62844ba8e52df77eed0d731508761,Success,Revoke Access,67002897,24/01/2026 04:39,0x02C2A0Ca41D850185fd29D81a1F2F894Ee610B3f,,0xc2d2b7fFa11Ea4DA2484759ee93d8DB157E8F0c1,,0 BNB,$0.00,0.000126
0xa1dfad94ec80d117cf16043aa0632de6e8fb6b696ae8bf1d67029251d7f11648,Success,Operate Device,67013888,23/04/2026 20:41,0x02C2A0Ca41D850185fd29D81a1F2F894Ee610B3f,,0xc2d2b7fFa11Ea4DA2484759ee93d8DB157E8F0c1,,0 BNB,$0.00,0.00022
0xd664f7a360ad6eeb60cf54241ac365adfc13811711811bfa43734090c22e7896,Success,Operate Device,67013868,23/04/2026 15:01,0x02C2A0Ca41D850185fd29D81a1F2F894Ee610B3f,,0xc2d2b7fFa11Ea4DA2484759ee93d8DB157E8F0c1,,0 BNB,$0.00,0.00022
0xb82657271e8e7f71c6bf9c91cb9dfd37ac78829afcfd57873c92374a66c76554,Success,Operate Device,67013833,23/04/2026 10:08,0x02C2A0Ca41D850185fd29D81a1F2F894Ee610B3f,,0xc2d2b7fFa11Ea4DA2484759ee93d8DB157E8F0c1,,0 BNB,$0.00,0.000214
0x3c8445ebdaceff6148e14e3d8b02a1a703819b86449ee9f179a37244739667ec,Success,Operate Device,67013819,23/04/2026 05:29,0x02C2A0Ca41D850185fd29D81a1F2F894Ee610B3f,,0xc2d2b7fFa11Ea4DA2484759ee93d8DB157E8F0c1,,0 BNB,$0.00,0.000218
0xf2dfbfaff6ea828eb8a6c60ad09af7f5e114394d91327bce8ea2ef7113d44c4b,Success,Grant Access,67013802,23/04/2026 02:40,0x02C2A0Ca41D850185fd29D81a1F2F894Ee610B3f,,0xc2d2b7fFa11Ea4DA2484759ee93d8DB157E8F0c1,,0 BNB,$0.00,0.000339
0x1e1db00afbc0d1befafca42e99d318879b79ddffa1b449733fdf21bd9e762164,Success,Operate Device,67009960,23/03/2026 22:21,0x02C2A0Ca41D850185fd29D81a1F2F894Ee610B3f,,0xc2d2b7fFa11Ea4DA2484759ee93d8DB157E8F0c1,,0 BNB,$0.00,0.000217
0x1d0c214171b28af05ccefebae59d07de9709297b661d8fdd015f204adb6ad296,Success,Operate Device,67009945,23/03/2026 16:23,0x02C2A0Ca41D850185fd29D81a1F2F894Ee610B3f,,0xc2d2b7fFa11Ea4DA2484759ee93d8DB157E8F0c1,,0 BNB,$0.00,0.000212
0xf2b6923ed312d4b9b3972378762b7c2ae22c2786ba23a06ac94266e05ffac678,Success,Operate Device,67009899,23/03/2026 12:59,0x02C2A0Ca41D850185fd29D81a1F2F894Ee610B3f,,0xc2d2b7fFa11Ea4DA2484759ee93d8DB157E8F0c1,,0 BNB,$0.00,0.00022
0x0ea5afd35b27a74bab94cf9d5d71cb1c16e44606d16ff332b33d658e933d1fbe,Success,Operate Device,67009886,23/03/2026 05:38,0x02C2A0Ca41D850185fd29D81a1F2F894Ee610B3f,,0xc2d2b7fFa11Ea4DA2484759ee93d8DB157E8F0c1,,0 BNB,$0.00,0.000214
0x8475acd7ff878723baae074c465422ad87c28a7e99199bbaac4741fd326d36b7,Success,Revoke Access,67009847,23/03/2026 00:00,0x02C2A0Ca41D850185fd29D81a1F2F894Ee610B3f,,0xc2d2b7fFa11Ea4DA2484759ee93d8DB157E8F0c1,,0 BNB,$0.00,0.000125
0x82a55c51938436ddec62b831f9a1e365ce98708d1757453178bd28f93ddd8d62,Success,Add Super Admin,67006516,23/02/2026 18:15,0x02C2A0Ca41D850185fd29D81a1F2F894Ee610B3f,,0xc2d2b7fFa11Ea4DA2484759ee93d8DB157E8F0c1,,0 BNB,$0.00,0.000262
0xa0ba8c1b1e4c5168bf34ce6831d26d252107e85bc1de9d1511ee8fc0c05110ce,Success,Operate Device,67006469,23/02/2026 15:11,0x02C2A0Ca41D850185fd29D81a1F2F894Ee610B3f,,0xc2d2b7fFa11Ea4DA2484759ee93d8DB157E8F0c1,,0 BNB,$0.00,0.000216
0x3021f546efc2e94527f2edc83bdc9b32420789161dd55b25b0f250d955e50ddc,Success,Operate Device,67006455,23/02/2026 11:44,0x02C2A0Ca41D850185fd29D81a1F2F894Ee610B3f,,0xc2d2b7fFa11Ea4DA2484759ee93d8DB157E8F0c1,,0 BNB,$0.00,0.000215
0xd53c1e33e9896de151b8c6e9f749c9a8f5afea031cc529cfc6320251d90b43a5,Success,Operate Device,67006445,23/02/2026 08:12,0x02C2A0Ca41D850185fd29D81a1F2F894Ee610B3f,,0xc2d2b7fFa11Ea4DA2484759ee93d8DB157E8F0c1,,0 BNB,$0.00,0.000219
0xca623dc1e2b8e2fd8b99e5533ea6e3916785aedbf52a4bfaea537827df211aa7,Success,Operate Device,67006429,23/02/2026 04:32,0x02C2A0Ca41D850185fd29D81a1F2F894Ee610B3f,,0xc2d2b7fFa11Ea4DA2484759ee93d8DB157E8F0c1,,0 BNB,$0.00,0.000217
0x68d0a159bd8d9565e8a72a2cfeedd27dfac564839caf9245bd79d3c11d51a92d,Success,Operate Device,67002886,23/01/2026 22:27,0x02C2A0Ca41D850185fd29D81a1F2F894Ee610B3f,,0xc2d2b7fFa11Ea4DA2484759ee93d8DB157E8F0c1,,0 BNB,$0.00,0.000213
0x6e3e771a6b084f227f97e5861ebfeff355491137abe677ed6bc593856f214344,Success,Operate Device,67002858,23/01/2026 16:08,0x02C2A0Ca41D850185fd29D81a1F2F894Ee610B3f,,0xc2d2b7fFa11Ea4DA2484759ee93d8DB157E8F0c1,,0 BNB,$0.00,0.000212
0x7138270fb1fd4f39980b23cba869cb328eccf18d3fdea3c0e88fd6c3704c13c9,Success,Operate Device,67002848,23/01/2026 13:13,0x02C2A0Ca41D850185fd29D81a1F2F894Ee610B3f,,0xc2d2b7fFa11Ea4DA2484759ee93d8DB157E8F0c1,,0 BNB,$0.00,0.000214
0x75e11b74567ae184478e9b824f73425990740507bd25bbdfee7e6a250cb84380,Success,Operate Device,67002822,23/01/2026 06:13,0x02C2A0Ca41D850185fd29D81a1F2F894Ee610B3f,,0xc2d2b7fFa11Ea4DA2484759ee93d8DB157E8F0c1,,0 BNB,$0.00,0.000215
0x3ab0a7dd9a09598475425e77b934d4bdf1de7c4f77c96812e8c7e44c62f1cec5,Success,Operate Device,67013764,22/04/2026 21:45,0x02C2A0Ca41D850185fd29D81a1F2F894Ee610B3f,,0xc2d2b7fFa11Ea4DA2484759ee93d8DB157E8F0c1,,0 BNB,$0.00,0.000212
0xb5ff823a5b6a60694d361a30ebbbdb012c6a5d4b4d20d1f1262ce21175646336,Success,Operate Device,67013754,22/04/2026 15:43,0x02C2A0Ca41D850185fd29D81a1F2F894Ee610B3f,,0xc2d2b7fFa11Ea4DA2484759ee93d8DB157E8F0c1,,0 BNB,$0.00,0.000213
0x675aa50b2fef033f9aef34b311d252da7b176999c32147709303753e091ceea5,Success,Grant Access,67013731,22/04/2026 07:42,0x02C2A0Ca41D850185fd29D81a1F2F894Ee610B3f,,0xc2d2b7fFa11Ea4DA2484759ee93d8DB157E8F0c1,,0 BNB,$0.00,0.000342
0x9e14b35ba43f8106454f8ae41f6333df9bb6089b176a523007951f4bf76c1fae,Success,Operate Device,67013710,22/04/2026 04:50,0x02C2A0Ca41D850185fd29D81a1F2F894Ee610B3f,,0xc2d2b7fFa11Ea4DA2484759ee93d8DB157E8F0c1,,0 BNB,$0.00,0.000212
0x5ad93f162b94cb88fd7d8ef4a5e121cce7e57c32d292569fc7909e21d7c7cf54,Success,Add Super Admin,67009832,22/03/2026 18:33,0x02C2A0Ca41D850185fd29D81a1F2F894Ee610B3f,,0xc2d2b7fFa11Ea4DA2484759ee93d8DB157E8F0c1,,0 BNB,$0.00,0.000268
0xa34564e24aa580ef81b1cd01366f7cde712d3edd6b5542334adf51409efe8a11,Success,Operate Device,67009806,22/03/2026 13:17,0x02C2A0Ca41D850185fd29D81a1F2F894Ee610B3f,,0xc2d2b7fFa11Ea4DA2484759ee93d8DB157E8F0c1,,0 BNB,$0.00,0.000213
0xe9455bf44c6a9743502ef955ca2e271e060ea1fd25542c23a907617eeb5c7546,Success,Operate Device,67009785,22/03/2026 07:25,0x02C2A0Ca41D850185fd29D81a1F2F894Ee610B3f,,0xc2d2b7fFa11Ea4DA2484759ee93d8DB157E8F0c1,,0 BNB,$0.00,0.000212
0xc6ca171dc1eab022635fc80fe2808c7c55dec3f7ecea576cd8082f8b74c21425,Success,Operate Device,67009751,22/03/2026 00:46,0x02C2A0Ca41D850185fd29D81a1F2F894Ee610B3f,,0xc2d2b7fFa11Ea4DA2484759ee93d8DB157E8F0c1,,0 BNB,$0.00,0.000213
0xc2058b39a0803cece35b26796bb736603afd2bb67031bb0f142c998a95b8ecf0,Success,Operate Device,67006399,22/02/2026 21:51,0x02C2A0Ca41D850185fd29D81a1F2F894Ee610B3f,,0xc2d2b7fFa11Ea4DA2484759ee93d8DB157E8F0c1,,0 BNB,$0.00,0.000216
0x285a811ba95eea84e669593ba10556db497b81f0d160a593b3fd652ef8098fb4,Success,Operate Device,67006350,22/02/2026 17:59,0x02C2A0Ca41D850185fd29D81a1F2F894Ee610B3f,,0xc2d2b7fFa11Ea4DA2484759ee93d8DB157E8F0c1,,0 BNB,$0.00,0.000214
0x73a237960c815322daa2f8904c83e635a085698e5154f1cd16718e2f04fdfbbe,Success,Operate Device,67006330,22/02/2026 12:20,0x02C2A0Ca41D850185fd29D81a1F2F894Ee610B3f,,0xc2d2b7fFa11Ea4DA2484759ee93d8DB157E8F0c1,,0 BNB,$0.00,0.000217
0x82e91927d9fb144885698c96a2d570cf279de57e5380ec3248037fb95e112e80,Success,Revoke Access,67006319,22/02/2026 05:16,0x02C2A0Ca41D850185fd29D81a1F2F894Ee610B3f,,0xc2d2b7fFa11Ea4DA2484759ee93d8DB157E8F0c1,,0 BNB,$0.00,0.000124
0xa95bce72bd671fb1b205586b4078ac3d32d84fd1e15543a9760bd877814ef945,Success,Operate Device,67006308,22/02/2026 00:09,0x02C2A0Ca41D850185fd29D81a1F2F894Ee610B3f,,0xc2d2b7fFa11Ea4DA2484759ee93d8DB157E8F0c1,,0 BNB,$0.00,0.000219
0x7ebe7c40405807ca7346a9905697a27b3f600769f7a0c620d7584775c667d5f7,Success,Operate Device,67002779,22/01/2026 22:17,0x02C2A0Ca41D850185fd29D81a1F2F894Ee610B3f,,0xc2d2b7fFa11Ea4DA2484759ee93d8DB157E8F0c1,,0 BNB,$0.00,0.000218
0xba8955b3f77d7da3e58e45be79cdf2bf019993f463235f3a5ce43bf1f27aad27,Success,Operate Device,67002739,22/01/2026 15:47,0x02C2A0Ca41D850185fd29D81a1F2F894Ee610B3f,,0xc2d2b7fFa11Ea4DA2484759ee93d8DB157E8F0c1,,0 BNB,$0.00,0.000212
0x24f35497669bdb01d54dfa5546b94e1a92b37180aff9222c27b2ccb1b0d0a87a,Success,Add Super Admin,67002718,22/01/2026 11:48,0x02C2A0Ca41D850185fd29D81a1F2F894Ee610B3f,,0xc2d2b7fFa11Ea4DA2484759ee93d8DB157E8F0c1,,0 BNB,$0.00,0.000259
0x974c9dbed41ee5345136554ce0ae73df092c0150a1b802c3ff1cc6d315062f48,Success,Operate Device,67002683,22/01/2026 07:28,0x02C2A0Ca41D850185fd29D81a1F2F894Ee610B3f,,0xc2d2b7fFa11Ea4DA2484759ee93d8DB157E8F0c1,,0 BNB,$0.00,0.000213
0xe30038cc4a8c5489d33ec30f8ff7db2053c4f28a2b789241f8c9a324aa63bf0b,Success,Operate Device,67002660,22/01/2026 00:24,0x02C2A0Ca41D850185fd29D81a1F2F894Ee610B3f,,0xc2d2b7fFa11Ea4DA2484759ee93d8DB157E8F0c1,,0 BNB,$0.00,0.000214
0x94cd4fa4194147ec5bb00a5a5ed596fe1dd823c0f143fd2dcfacc0b80c355920,Success,Add Super Admin,67013689,21/04/2026 23:03,0x02C2A0Ca41D850185fd29D81a1F2F894Ee610B3f,,0xc2d2b7fFa11Ea4DA2484759ee93d8DB157E8F0c1,,0 BNB,$0.00,0.000265
0xae2a80449ac77038f64a2fa9e8784cf22ab59bbea39c6bd7e32c19de1ed83387,Success,Operate Device,67013658,21/04/2026 19:47,0x02C2A0Ca41D850185fd29D81a1F2F894Ee610B3f,,0xc2d2b7fFa11Ea4DA2484759ee93d8DB157E8F0c1,,0 BNB,$0.00,0.00022
0x0c1803ad5ecb947f9468d731664cb7ab07a45cc4d43b03a7056a296e6d035d64,Success,Grant Access,67013626,21/04/2026 13:36,0x02C2A0Ca41D850185fd29D81a1F2F894Ee610B3f,,0xc2d2b7fFa11Ea4DA2484759ee93d8DB157E8F0c1,,0 BNB,$0.00,0.00033
0xf23b68ac6faa8f70781f245d647f1c5920d2d9445fd3715b421c10d1fc49e026,Success,Revoke Access,67013607,21/04/2026 08:38,0x02C2A0Ca41D850185fd29D81a1F2F894Ee610B3f,,0xc2d2b7fFa11Ea4DA2484759ee93d8DB157E8F0c1,,0 BNB,$0.00,0.000122
0x6566687dba5964e30ee2f4d41c030d9dbe6f03cc07f317667fa7fda9d150dfc3,Success,Revoke Access,67013586,21/04/2026 04:22,0x02C2A0Ca41D850185fd29D81a1F2F894Ee610B3f,,0xc2d2b7fFa11Ea4DA2484759ee93d8DB157E8F0c1,,0 BNB,$0.00,0.000126
0xb98de0d68eef96ec0d01da1653426d4eef773bc45f9c80a8add034e565b1599e,Success,Operate Device,67009708,21/03/2026 20:47,0x02C2A0Ca41D850185fd29D81a1F2F894Ee610B3f,,0xc2d2b7fFa11Ea4DA2484759ee93d8DB157E8F0c1,,0 BNB,$0.00,0.000215
0xec8b07d2afec1638695287329f3244ed71f478a2b7aa1258e47784ac1de3af48,Success,Operate Device,67009691,21/03/2026 15:23,0x02C2A0Ca41D850185fd29D81a1F2F894Ee610B3f,,0xc2d2b7fFa11Ea4DA2484759ee93d8DB157E8F0c1,,0 BNB,$0.00,0.000218
0x599ce59d74a63497864f2bbdf37241db831b4fbe04ac6b5183ba3964671abf1b,Success,Grant Access,67009648,21/03/2026 09:15,0x02C2A0Ca41D850185fd29D81a1F2F894Ee610B3f,,0xc2d2b7fFa11Ea4DA2484759ee93d8DB157E8F0c1,,0 BNB,$0.00,0.000342
0xc2e5534752ffc91b6d055f0b5b9023093fc60abd7d25eee8a93044aced967626,Success,Operate Device,67009620,21/03/2026 03:44,0x02C2A0Ca41D850185fd29D81a1F2F894Ee610B3f,,0xc2d2b7fFa11Ea4DA2484759ee93d8DB157E8F0c1,,0 BNB,$0.00,0.000213
0x8903cd384091e5d9b7f24f303d232d0b19fd1deaab89114e7d4de5b71956b1c5,Success,Operate Device,67006268,21/02/2026 16:22,0x02C2A0Ca41D850185fd29D81a1F2F894Ee610B3f,,0xc2d2b7fFa11Ea4DA2484759ee93d8DB157E8F0c1,,0 BNB,$0.00,0.000213
0xb968544d2c44b83cd1e8e53f13950084694a10bc3c3fc09d8851f53df3df0682,Success,Operate Device,67006240,21/02/2026 11:59,0x02C2A0Ca41D850185fd29D81a1F2F894Ee610B3f,,0xc2d2b7fFa11Ea4DA2484759ee93d8DB157E8F0c1,,0 BNB,$0.00,0.000216
0xccc5fd94d8db1a0c486d5558a952090868abb507a8e21e9d0fc3ba9b720aeb96,Success,Remove Device,67006229,21/02/2026 09:04,0x02C2A0Ca41D850185fd29D81a1F2F894Ee610B3f,,0xc2d2b7fFa11Ea4DA2484759ee93d8DB157E8F0c1,,0 BNB,$0.00,0.000122
0xdec553dfc48525a4f604a8777264b797c178898553e5153e33fa2022c167ee9c,Success,Operate Device,67006186,21/02/2026 02:05,0x02C2A0Ca41D850185fd29D81a1F2F894Ee610B3f,,0xc2d2b7fFa11Ea4DA2484759ee93d8DB157E8F0c1,,0 BNB,$0.00,0.00022
0x7bdffa57aaaaa24a53cdf6663eafdc41d86fee8087e184f3290d83ae0e86d448,Success,Operate Device,67002625,21/01/2026 19:28,0x02C2A0Ca41D850185fd29D81a1F2F894Ee610B3f,,0xc2d2b7fFa11Ea4DA2484759ee93d8DB157E8F0c1,,0 BNB,$0.00,0.000216
0xa4d7d91c44954d202097debe8d607670fe90a1eec51d0f239694dfc0bc4de524,Success,Operate Device,67002578,21/01/2026 12:49,0x02C2A0Ca41D850185fd29D81a1F2F894Ee610B3f,,0xc2d2b7fFa11Ea4DA2484759ee93d8DB157E8F0c1,,0 BNB,$0.00,0.000213
0x0071a947c021d1168a9646c9e9a54f8311235fb3eef2124ca45ec4c5741f9577,Success,Grant Access,67002556,21/01/2026 07:08,0x02C2A0Ca41D850185fd29D81a1F2F894Ee610B3f,,0xc2d2b7fFa11Ea4DA2484759ee93d8DB157E8F0c1,,0 BNB,$0.00,0.000332
0xe8dac294b180e12a3f799ca79eb170d889a263c59aa6c6b18785c379e89e8bdc,Success,Operate Device,67002540,21/01/2026 00:21,0x02C2A0Ca41D850185fd29D81a1F2F894Ee610B3f,,0xc2d2b7fFa11Ea4DA2484759ee93d8DB157E8F0c1,,0 BNB,$0.00,0.000219
0x0545081cdd1e8e9e426e18acbed18cc39a63db4940f0a92dac535363f6c79649,Success,Operate Device,67013544,20/04/2026 20:04,0x02C2A0Ca41D850185fd29D81a1F2F894Ee610B3f,,0xc2d2b7fFa11Ea4DA2484759ee93d8DB157E8F0c1,,0 BNB,$0.00,0.000218
0x71695a0dc28be28c315f044d6ceef79a11f42411102122c1168a688363563d01,Success,Operate Device,67013503,20/04/2026 16:24,0x02C2A0Ca41D850185fd29D81a1F2F894Ee610B3f,,0xc2d2b7fFa11Ea4DA2484759ee93d8DB157E8F0c1,,0 BNB,$0.00,0.000212
0xa19ab9c5b4c8d228568c0ae29f58ef99b97595b39c33ca9e793f33be11be5b0c,Success,Operate Device,67013492,20/04/2026 09:05,0x02C2A0Ca41D850185fd29D81a1F2F894Ee610B3f,,0xc2d2b7fFa11Ea4DA2484759ee93d8DB157E8F0c1,,0 BNB,$0.00,0.000215
0x6315425d3d7523d9887e160a902b9ea486380cbdf49031a9c29c10edcbc25775,Success,Operate Device,67013452,20/04/2026 02:11,0x02C2A0Ca41D850185fd29D81a1F2F894Ee610B3f,,0xc2d2b7fFa11Ea4DA2484759ee93d8DB157E8F0c1,,0 BNB,$0.00,0.000213
0x72f246d85fb0687b112d93c6d0debb5a271844749265e56bf1de007f72da7dd3,Success,Operate Device,67009589,20/03/2026 22:08,0x02C2A0Ca41D850185fd29D81a1F2F894Ee610B3f,,0xc2d2b7fFa11Ea4DA2484759ee93d8DB157E8F0c1,,0 BNB,$0.00,0.000219
0xe78bb62d4ce429de4b15c9001f7980c466bd5f11221cd40036c14523f359175f,Success,Operate Device,67009579,20/03/2026 16:33,0x02C2A0Ca41D850185fd29D81a1F2F894Ee610B3f,,0xc2d2b7fFa11Ea4DA2484759ee93d8DB157E8F0c1,,0 BNB,$0.00,0.000214
0x2c5e21cab52189923f88039fb8c58b966d5f2b657063614707f9e5eaa4762b56,Success,Remove Device,67009548,20/03/2026 09:07,0x02C2A0Ca41D850185fd29D81a1F2F894Ee610B3f,,0xc2d2b7fFa11Ea4DA2484759ee93d8DB157E8F0c1,,0 BNB,$0.00,0.000122
0x7c848677e92b528c24dc68b815d5a9fa264f1cf9b6bc658e8ea29d584735fbff,Success,Operate Device,67009527,20/03/2026 04:19,0x02C2A0Ca41D850185fd29D81a1F2F894Ee610B3f,,0xc2d2b7fFa11Ea4DA2484759ee93d8DB157E8F0c1,,0 BNB,$0.00,0.00022
0x72bc98208860443a0b490fa946a5543a8ed1e1c1b2f9101203f27bdafc63a26e,Success,Revoke Access,67006157,20/02/2026 19:24,0x02C2A0Ca41D850185fd29D81a1F2F894Ee610B3f,,0xc2d2b7fFa11Ea4DA2484759ee93d8DB157E8F0c1,,0 BNB,$0.00,0.000124
0xa1444a0f1c698ce98e9fa6bfef2a003e4f4acd93d4877c77c89aab41810fe162,Success,Operate Device,67006134,20/02/2026 12:08,0x02C2A0Ca41D850185fd29D81a1F2F894Ee610B3f,,0xc2d2b7fFa11Ea4DA2484759ee93d8DB157E8F0c1,,0 BNB,$0.00,0.000218
0x5ca9763e4f02df022f1ba5895d4d721b711448288a786a5fe6be13f844a34802,Success,Operate Device,67006094,20/02/2026 05:12,0x02C2A0Ca41D850185fd29D81a1F2F894Ee610B3f,,0xc2d2b7fFa11Ea4DA2484759ee93d8DB157E8F0c1,,0 BNB,$0.00,0.000219
0x3d2d4fcb36ea585161fedd05204830719817c72dbd177cfefbe469eeb18ba954,Success,Operate Device,67006060,20/02/2026 00:39,0x02C2A0Ca41D850185fd29D81a1F2F894Ee610B3f,,0xc2d2b7fFa11Ea4DA2484759ee93d8DB157E8F0c1,,0 BNB,$0.00,0.000217
0x616d36917737fe17a3b877242b85093326137c00388a9e5ac6a7fe1d72a1f6f4,Success,Operate Device,67002521,20/01/2026 16:39,0x02C2A0Ca41D850185fd29D81a1F2F894Ee610B3f,,0xc2d2b7fFa11Ea4DA2484759ee93d8DB157E8F0c1,,0 BNB,$0.00,0.000214
0xe2a1ff02f67aaee744a730a4763562a728da79a38a9385196e6b18b53e0acf92,Success,Revoke Access,67002478,20/01/2026 09:26,0x02C2A0Ca41D850185fd29D81a1F2F894Ee610B3f,,0xc2d2b7fFa11Ea4DA2484759ee93d8DB157E8F0c1,,0 BNB,$0.00,0.000122
0x75cbf4f963a14dba2cba0692c471c01ff094e85ea103794c2d1d07bb1bccc302,Success,Operate Device,67002465,20/01/2026 04:31,0x02C2A0Ca41D850185fd29D81a1F2F894Ee610B3f,,0xc2d2b7fFa11Ea4DA2484759ee93d8DB157E8F0c1,,0 BNB,$0.00,0.000214
0x06fb2b786543e556504336bd4d56a3ecdb707aacdc22e6d1213a4d6b4f809b8d,Success,Operate Device,67013404,19/04/2026 22:26,0x02C2A0Ca41D850185fd29D81a1F2F894Ee610B3f,,0xc2d2b7fFa11Ea4DA2484759ee93d8DB157E8F0c1,,0 BNB,$0.00,0.000217
0x4b35e1b01324c49f7c54df35b70ac39af1f9c7365f36abd2ed878e85045e9c1a,Success,Operate Device,67013378,19/04/2026 15:43,0x02C2A0Ca41D850185fd29D81a1F2F894Ee610B3f,,0xc2d2b7fFa11Ea4DA2484759ee93d8DB157E8F0c1,,0 BNB,$0.00,0.000215
0xbd5e15cc1ffee2ed2ff9c4f06090ae7b67d6948cdfbdeacb2da29b39478f0bcc,Success,Define Device,67013345,19/04/2026 12:52,0x02C2A0Ca41D850185fd29D81a1F2F894Ee610B3f,,0xc2d2b7fFa11Ea4DA2484759ee93d8DB157E8F0c1,,0 BNB,$0.00,0.000445
0xa97106a1fec151cd5bd4d17eac393ece8805f1b4959622fe4295e4b74499773b,Success,Grant Access,67013303,19/04/2026 06:46,0x02C2A0Ca41D850185fd29D81a1F2F894Ee610B3f,,0xc2d2b7fFa11Ea4DA2484759ee93d8DB157E8F0c1,,0 BNB,$0.00,0.000339
0xa1c52e678d2e1f17b672d0883508012ca172402fb679d7f8be142d0bcb4acb88,Success,Operate Device,67009513,19/03/2026 22:10,0x02C2A0Ca41D850185fd29D81a1F2F894Ee610B3f,,0xc2d2b7fFa11Ea4DA2484759ee93d8DB157E8F0c1,,0 BNB,$0.00,0.00022
0x8e1153a5e1169e0b5f3415614ab43ceb588160888ee002e944d0406f5dd341dd,Success,Operate Device,67009463,19/03/2026 16:44,0x02C2A0Ca41D850185fd29D81a1F2F894Ee610B3f,,0xc2d2b7fFa11Ea4DA2484759ee93d8DB157E8F0c1,,0 BNB,$0.00,0.000215
0x9752e06ad6d371c3ed3212ab9158d62a60cba5ac286b9a898493ca88f98a748f,Success,Operate Device,67009439,19/03/2026 09:59,0x02C2A0Ca41D850185fd29D81a1F2F894Ee610B3f,,0xc2d2b7fFa11Ea4DA2484759ee93d8DB157E8F0c1,,0 BNB,$0.00,0.000213
0x57c402270c87afd42d81d25fb06ff609138fcc96667ab939cfb43ca670daf797,Success,Remove Device,67009406,19/03/2026 03:04,0x02C2A0Ca41D850185fd29D81a1F2F894Ee610B3f,,0xc2d2b7fFa11Ea4DA2484759ee93d8DB157E8F0c1,,0 BNB,$0.00,0.000126
0x85733b2a7240a7976e485616aeeb140db1d2768e549f336ca6ff1c6565dfe406,Success,Revoke Access,67006044,19/02/2026 16:35,0x02C2A0Ca41D850185fd29D81a1F2F894Ee610B3f,,0xc2d2b7fFa11Ea4DA2484759ee93d8DB157E8F0c1,,0 BNB,$0.00,0.000124
0x091afbe5fa51d49a0394537049184dc55f2552aae2807d9fadcc7e1ce169f7d2,Success,Operate Device,67006011,19/02/2026 11:27,0x02C2A0Ca41D850185fd29D81a1F2F894Ee610B3f,,0xc2d2b7fFa11Ea4DA2484759ee93d8DB157E8F0c1,,0 BNB,$0.00,0.000219
0x962c97ab512fd7e364d768e7533fab67621473f50292cd16400531f9af0f21d7,Success,Add Super Admin,67005992,19/02/2026 04:39,0x02C2A0Ca41D850185fd29D81a1F2F894Ee610B3f,,0xc2d2b7fFa11Ea4DA2484759ee93d8DB157E8F0c1,,0 BNB,$0.00,0.000259
0x184dba3c30b52a91bed584cf4a3703677a5cf547b43c82cb64deac3707c84438,Success,Operate Device,67005961,19/02/2026 00:45,0x02C2A0Ca41D850185fd29D81a1F2F894Ee610B3f,,0xc2d2b7fFa11Ea4DA2484759ee93d8DB157E8F0c1,,0 BNB,$0.00,0.000217
0x56a25ee1f3ca64ef1d374bbd64878c9a9a745a7ffcd0ddf62a610d955c7862b6,Success,Operate Device,67002448,19/01/2026 20:20,0x02C2A0Ca41D850185fd29D81a1F2F894Ee610B3f,,0xc2d2b7fFa11Ea4DA2484759ee93d8DB157E8F0c1,,0 BNB,$0.00,0.000214
0x5e1869ec024a5a6583e92b4b5c35002e7ae46b6c9722c3dd8a7d616ad981d2f5,Success,Grant Access,67002414,19/01/2026 15:20,0x02C2A0Ca41D850185fd29D81a1F2F894Ee610B3f,,0xc2d2b7fFa11Ea4DA2484759ee93d8DB157E8F0c1,,0 BNB,$0.00,0.00033
0xf9471928a29c54bdc7eb14b696658f6f49d09512117d8e8cd4c432a27a882392,Success,Grant Access,67002368,19/01/2026 08:21,0x02C2A0Ca41D850185fd29D81a1F2F894Ee610B3f,,0xc2d2b7fFa11Ea4DA2484759ee93d8DB157E8F0c1,,0 BNB,$0.00,0.000337
0xed3539b1a1bafa6ebd9248ebeeb622140ad69b73f00548b0956b46cfa0d95d6e,Success,Operate Device,67002335,19/01/2026 02:59,0x02C2A0Ca41D850185fd29D81a1F2F894Ee610B3f,,0xc2d2b7fFa11Ea4DA2484759ee93d8DB157E8F0c1,,0 BNB,$0.00,0.000219
0xada4bc7ac8d2a789739bef8ad21e30818729b6bcc1925b61e9a91dac40345b66,Success,Remove Device,67013264,18/04/2026 22:49,0x02C2A0Ca41D850185fd29D81a1F2F894Ee610B3f,,0xc2d2b7fFa11Ea4DA2484759ee93d8DB157E8F0c1,,0 BNB,$0.00,0.000125
0x076c67c793bb9867cc47cc751b7888f59e532cd258ce789e7a4b5d90af5c7bef,Success,Operate Device,67013238,18/04/2026 17:17,0x02C2A0Ca41D850185fd29D81a1F2F894Ee610B3f,,0xc2d2b7fFa11Ea4DA2484759ee93d8DB157E8F0c1,,0 BNB,$0.00,0.000214
0xd2fc9b5359a81612dba7f2eacfe3d7254f4ca7e81ea0e8c01140319158ad2ac3,Success,Grant Access,67013202,18/04/2026 09:53,0x02C2A0Ca41D850185fd29D81a1F2F894Ee610B3f,,0xc2d2b7fFa11Ea4DA2484759ee93d8DB157E8F0c1,,0 BNB,$0.00,0.000329
0xbb7fb078d23bab522efbb24b30237ffb2d7adfd55a0246d5185c2c549972ac86,Success,Operate Device,67013182,18/04/2026 05:59,0x02C2A0Ca41D850185fd29D81a1F2F894Ee610B3f,,0xc2d2b7fFa11Ea4DA2484759ee93d8DB157E8F0c1,,0 BNB,$0.00,0.000218
0xc3a2058970f3bce8bf588cbb001ce3d0d9f8657c654cfb934e2d2477206b6d04,Success,Operate Device,67013138,18/04/2026 01:57,0x02C2A0Ca41D850185fd29D81a1F2F894Ee610B3f,,0xc2d2b7fFa11Ea4DA2484759ee93d8DB157E8F0c1,,0 BNB,$0.00,0.000219
0x93683e1febc27746c10efd35e6004554e95b470b9a24ff3043acd5bda9b63bb6,Success,Operate Device,67009368,18/03/2026 21:07,0x02C2A0Ca41D850185fd29D81a1F2F894Ee610B3f,,0xc2d2b7fFa11Ea4DA2484759ee93d8DB157E8F0c1,,0 BNB,$0.00,0.00022
0x86cc251b24004bb933030624c8e0bc9cd8ef7ca47b6053bda74fd930fac671cd,Success,Operate Device,67009329,18/03/2026 13:32,0x02C2A0Ca41D850185fd29D81a1F2F894Ee610B3f,,0xc2d2b7fFa11Ea4DA2484759ee93d8DB157E8F0c1,,0 BNB,$0.00,0.000218
0x1bfe459b364b89d46974ce523a592256c738030b323de6b12a06bb1a6070b847,Success,Operate Device,67009300,18/03/2026 06:16,0x02C2A0Ca41D850185fd29D81a1F2F894Ee610B3f,,0xc2d2b7fFa11Ea4DA2484759ee93d8DB157E8F0c1,,0 BNB,$0.00,0.000218
0x25636816b24ae2c444a868ac54aa8dd8ee8aa0ea6da42ad8da6b088e1da87672,Success,Operate Device,67005933,18/02/2026 18:48,0x02C2A0Ca41D850185fd29D81a1F2F894Ee610B3f,,0xc2d2b7fFa11Ea4DA2484759ee93d8DB157E8F0c1,,0 BNB,$0.00,0.000216
0x8cc74ee87b1d6f7a00251d219b00cacc880770600068591cd5cf2d075be44623,Success,Operate Device,67005898,18/02/2026 13:18,0x02C2A0Ca41D850185fd29D81a1F2F894Ee610B3f,,0xc2d2b7fFa11Ea4DA2484759ee93d8DB157E8F0c1,,0 BNB,$0.00,0.000217
0x57799ebb3ed44aa40c68a519464898d93a75862d7df1c619c7ad860a4a2a7c3c,Success,Add Super Admin,67005869,18/02/2026 06:41,0x02C2A0Ca41D850185fd29D81a1F2F894Ee610B3f,,0xc2d2b7fFa11Ea4DA2484759ee93d8DB157E8F0c1,,0 BNB,$0.00,0.000268
0x200b7e403efff4fe6648f108aa9102e9cf78c9f474dc6b397981459d7eb6cd9b,Success,Operate Device,67005835,18/02/2026 02:15,0x02C2A0Ca41D850185fd29D81a1F2F894Ee610B3f,,0xc2d2b7fFa11Ea4DA2484759ee93d8DB157E8F0c1,,0 BNB,$0.00,0.000212
0xe0e8a0344628529cb575ac4c0c674878ec12eb7ed1eb980694c4c24a16bbff2e,Success,Operate Device,67002299,18/01/2026 20:31,0x02C2A0Ca41D850185fd29D81a1F2F894Ee610B3f,,0xc2d2b7fFa11Ea4DA2484759ee93d8DB157E8F0c1,,0 BNB,$0.00,0.00022
0x6590a8bfbfca4a2436e7e2767e5720406099cb8b40a735f8b5b2925c768182bd,Success,Grant Access,67002262,18/01/2026 15:26,0x02C2A0Ca41D850185fd29D81a1F2F894Ee610B3f,,0xc2d2b7fFa11Ea4DA2484759ee93d8DB157E8F0c1,,0 BNB,$0.00,0.000334
0x99170d81cacf019f9ce463a1aab05392c311fc78d587599df3fa7b21411c2061,Success,Operate Device,67002240,18/01/2026 10:23,0x02C2A0Ca41D850185fd29D81a1F2F894Ee610B3f,,0xc2d2b7fFa11Ea4DA2484759ee93d8DB157E8F0c1,,0 BNB,$0.00,0.000217
0x11202206ae51b00eea2c93ba1a40fbd633578fef256cb6b26d6e4b1c22f5e897,Success,Operate Device,67002194,18/01/2026 05:04,0x02C2A0Ca41D850185fd29D81a1F2F894Ee610B3f,,0xc2d2b7fFa11Ea4DA2484759ee93d8DB157E8F0c1,,0 BNB,$0.00,0.000219
0x64a37650bd479ae60da6a5ddad30823a048c123611e5e9cccb94bc1e7f8f6ead,Success,Add Super Admin,67002150,18/01/2026 01:17,0x02C2A0Ca41D850185fd29D81a1F2F894Ee610B3f,,0xc2d2b7fFa11Ea4DA2484759ee93d8DB157E8F0c1,,0 BNB,$0.00,0.000262
0xb4c28b69e282af519313c2b72de112c26265ad41abf645d3643817a83b07a968,Success,Operate Device,67013120,17/04/2026 21:41,0x02C2A0Ca41D850185fd29D81a1F2F894Ee610B3f,,0xc2d2b7fFa11Ea4DA2484759ee93d8DB157E8F0c1,,0 BNB,$0.00,0.000219
0xa39c804d6cc211f3c4b763c024c417d2319134bb1c7a9bbe0eb16d1aa01c3d59,Success,Operate Device,67013093,17/04/2026 15:47,0x02C2A0Ca41D850185fd29D81a1F2F894Ee610B3f,,0xc2d2b7fFa11Ea4DA2484759ee93d8DB157E8F0c1,,0 BNB,$0.00,0.000214
0xbdc42d80a6e191a9a724267354d05e17412c15ab6c829eae268017a656376daa,Success,Add Super Admin,67013079,17/04/2026 09:10,0x02C2A0Ca41D850185fd29D81a1F2F894Ee610B3f,,0xc2d2b7fFa11Ea4DA2484759ee93d8DB157E8F0c1,,0 BNB,$0.00,0.000268
0x52e492b6b00e18c4275eb7c12604a51cb19d67df027dc54b5c8bb88d15f63a05,Success,Operate Device,67013055,17/04/2026 02:24,0x02C2A0Ca41D850185fd29D81a1F2F894Ee610B3f,,0xc2d2b7fFa11Ea4DA2484759ee93d8DB157E8F0c1,,0 BNB,$0.00,0.000215
0x69303f74b7778f5209332495ccf6ee5f7378cd0840a2745f0275d2d929845166,Success,Operate Device,67009263,17/03/2026 22:05,0x02C2A0Ca41D850185fd29D81a1F2F894Ee610B3f,,0xc2d2b7fFa11Ea4DA2484759ee93d8DB157E8F0c1,,0 BNB,$0.00,0.000216
0x52f0e496307e06e27a20fc18b4d35ca398c5ddda852181b3e0b2f8d31f045d08,Success,Add Super Admin,67009248,17/03/2026 19:05,0x02C2A0Ca41D850185fd29D81a1F2F894Ee610B3f,,0xc2d2b7fFa11Ea4DA2484759ee93d8DB157E8F0c1,,0 BNB,$0.00,0.000265
0x4c1b5b2bf4992ceff311eaf84cae1b9ecc7c70b8476a5594c96597ce693c7eba,Success,Operate Device,67009231,17/03/2026 14:49,0x02C2A0Ca41D850185fd29D81a1F2F894Ee610B3f,,0xc2d2b7fFa11Ea4DA2484759ee93d8DB157E8F0c1,,0 BNB,$0.00,0.00022
0x7d41e097ed599f28a801bfaf04f5c1eed66bab00e9efa580c8f2e12bd066cc3b,Success,Operate Device,67009217,17/03/2026 06:59,0x02C2A0Ca41D850185fd29D81a1F2F894Ee610B3f,,0xc2d2b7fFa11Ea4DA2484759ee93d8DB157E8F0c1,,0 BNB,$0.00,0.000215
0x328be569271242684d15e02a1d3a965d61dd6620aec208ba90de4c1600ac4f91,Success,Operate Device,67005797,17/02/2026 20:06,0x02C2A0Ca41D850185fd29D81a1F2F894Ee610B3f,,0xc2d2b7fFa11Ea4DA2484759ee93d8DB157E8F0c1,,0 BNB,$0.00,0.000213
0x7d90587e26546832ca1ba323a127ac9aeb903b21be276c8c888ed27775b3cfd5,Success,Operate Device,67005758,17/02/2026 12:20,0x02C2A0Ca41D850185fd29D81a1F2F894Ee610B3f,,0xc2d2b7fFa11Ea4DA2484759ee93d8DB157E8F0c1,,0 BNB,$0.00,0.000216
0xd911355cc2575ec98f2af08b11fecac259bffeb6ad3e479b8dc426332e4565f3,Success,Define Device,67005747,17/02/2026 07:22,0x02C2A0Ca41D850185fd29D81a1F2F894Ee610B3f,,0xc2d2b7fFa11Ea4DA2484759ee93d8DB157E8F0c1,,0 BNB,$0.00,0.000447
0x979697a48a545b473cc3afdf0c2ff756a5bec21948fdeebcb331fa71e33a2e9a,Success,Revoke Access,67005721,17/02/2026 03:40,0x02C2A0Ca41D850185fd29D81a1F2F894Ee610B3f,,0xc2d2b7fFa11Ea4DA2484759ee93d8DB157E8F0c1,,0 BNB,$0.00,0.000125
0x517457a10c059ca158ef459507ac5058b966fb0c9eac441bdf09a20f9374ef09,Success,Operate Device,67002120,17/01/2026 18:33,0x02C2A0Ca41D850185fd29D81a1F2F894Ee610B3f,,0xc2d2b7fFa11Ea4DA2484759ee93d8DB157E8F0c1,,0 BNB,$0.00,0.000219
0x0d7a1a98826d8319490263a029ef777703e842a05cd8a4d4b018d929137a7bc4,Success,Operate Device,67002092,17/01/2026 10:42,0x02C2A0Ca41D850185fd29D81a1F2F894Ee610B3f,,0xc2d2b7fFa11Ea4DA2484759ee93d8DB157E8F0c1,,0 BNB,$0.00,0.000217
0x1f221e5ea0ba4a055064aa04c1f40923902c39b383f85448d969fcc172b1cf75,Success,Revoke Access,67002069,17/01/2026 05:58,0x02C2A0Ca41D850185fd29D81a1F2F894Ee610B3f,,0xc2d2b7fFa11Ea4DA2484759ee93d8DB157E8F0c1,,0 BNB,$0.00,0.000122
0x8736c4d3f8e8256b241996f07387b9f213a68ba5a3f1bbe926707f3998ee5479,Success,Operate Device,67013017,16/04/2026 20:44,0x02C2A0Ca41D850185fd29D81a1F2F894Ee610B3f,,0xc2d2b7fFa11Ea4DA2484759ee93d8DB157E8F0c1,,0 BNB,$0.00,0.000216
0xfb8f1c9a8624f612cfb74bd15a365f259c9fb4cb4257c1a8d26e8f77aacb4a0f,Success,Operate Device,67012989,16/04/2026 13:31,0x02C2A0Ca41D850185fd29D81a1F2F894Ee610B3f,,0xc2d2b7fFa11Ea4DA2484759ee93d8DB157E8F0c1,,0 BNB,$0.00,0.000213
0xbd9bdc64afb2d6afc2b4d82b6a150e5c01e4a0da29f0d20638eeec40c3b4f1fe,Success,Operate Device,67012954,16/04/2026 07:29,0x02C2A0Ca41D850185fd29D81a1F2F894Ee610B3f,,0xc2d2b7fFa11Ea4DA2484759ee93d8DB157E8F0c1,,0 BNB,$0.00,0.000218
0xc5c669d8bd048801f7232500e67c608f6ac39679640da75f11fb6ba16013ab1e,Success,Operate Device,67012921,16/04/2026 03:34,0x02C2A0Ca41D850185fd29D81a1F2F894Ee610B3f,,0xc2d2b7fFa11Ea4DA2484759ee93d8DB157E8F0c1,,0 BNB,$0.00,0.000214
0x3a131814b48979b1a97f228fff9537b9c85c50fdc0297ed5dc9b07d6eb5eb988,Success,Operate Device,67009176,16/03/2026 23:35,0x02C2A0Ca41D850185fd29D81a1F2F894Ee610B3f,,0xc2d2b7fFa11Ea4DA2484759ee93d8DB157E8F0c1,,0 BNB,$0.00,0.000216
0x5bac7b698b681329d75a259858b437b578befee01b95015efce13705cedace1a,Success,Operate Device,67009150,16/03/2026 18:43,0x02C2A0Ca41D850185fd29D81a1F2F894Ee610B3f,,0xc2d2b7fFa11Ea4DA2484759ee93d8DB157E8F0c1,,0 BNB,$0.00,0.000212
0x27caec6996bc894e9a9b2948b71f0b42cb86ecf3e4fb141e6b53d88323a577be,Success,Grant Access,67009122,16/03/2026 12:16,0x02C2A0Ca41D850185fd29D81a1F2F894Ee610B3f,,0xc2d2b7fFa11Ea4DA2484759ee93d8DB157E8F0c1,,0 BNB,$0.00,0.00033
0x3b95fda15dd56250370844c5d4056e734b22fc7d837e0cfa699bb173120c3afb,Success,Add Super Admin,67009074,16/03/2026 05:24,0x02C2A0Ca41D850185fd29D81a1F2F894Ee610B3f,,0xc2d2b7fFa11Ea4DA2484759ee93d8DB157E8F0c1,,0 BNB,$0.00,0.000268
0xd00661cb80e27be45ced874f514332750293676bfce0adea51b217eb5cff9b38,Success,Revoke Access,67009045,16/03/2026 00:52,0x02C2A0Ca41D850185fd29D81a1F2F894Ee610B3f,,0xc2d2b7fFa11Ea4DA2484759ee93d8DB157E8F0c1,,0 BNB,$0.00,0.000123
0x9455a9df92640e8106af34be9cfbdd55e645a86a76c8838c1d4874497e0429ff,Success,Operate Device,67005698,16/02/2026 23:38,0x02C2A0Ca41D850185fd29D81a1F2F894Ee610B3f,,0xc2d2b7fFa11Ea4DA2484759ee93d8DB157E8F0c1,,0 BNB,$0.00,0.000216
0x11f02ad157844874c873200081f53a427f505adb037e47af776f419189d96ea1,Success,Operate Device,67005660,16/02/2026 20:12,0x02C2A0Ca41D850185fd29D81a1F2F894Ee610B3f,,0xc2d2b7fFa11Ea4DA2484759ee93d8DB157E8F0c1,,0 BNB,$0.00,0.000217
0x6103df34cfc630cc7fce8c47e07b8e6dbdc7ba0d5655a885848cd733eb61882a,Success,Remove Device,67005647,16/02/2026 17:17,0x02C2A0Ca41D850185fd29D81a1F2F894Ee610B3f,,0xc2d2b7fFa11Ea4DA2484759ee93d8DB157E8F0c1,,0 BNB,$0.00,0.000126
0x5348f903c7297d5be04a188dd1e982537d9d87e5143b93563792989e161f6682,Success,Add Super Admin,67005603,16/02/2026 12:49,0x02C2A0Ca41D850185fd29D81a1F2F894Ee610B3f,,0xc2d2b7fFa11Ea4DA2484759ee93d8DB157E8F0c1,,0 BNB,$0.00,0.000266
0x45dd938a73afd5f96de69131e458c47cac952de9693d9d21d299c5ca446a2370,Success,Operate Device,67005587,16/02/2026 06:46,0x02C2A0Ca41D850185fd29D81a1F2F894Ee610B3f,,0xc2d2b7fFa11Ea4DA2484759ee93d8DB157E8F0c1,,0 BNB,$0.00,0.00022
0xa1ad2555bdbb70820e857d917a331c3474aecd43532363d91f75f06d0db37707,Success,Operate Device,67002039,16/01/2026 23:13,0x02C2A0Ca41D850185fd29D81a1F2F894Ee610B3f,,0xc2d2b7fFa11Ea4DA2484759ee93d8DB157E8F0c1,,0 BNB,$0.00,0.000214
0x58cef4921e9db6d5070b754974b3ccc52d0da7bd265d93424745a0157eabf9f5,Success,Grant Access,67002024,16/01/2026 15:33,0x02C2A0Ca41D850185fd29D81a1F2F894Ee610B3f,,0xc2d2b7fFa11Ea4DA2484759ee93d8DB157E8F0c1,,0 BNB,$0.00,0.000341
0x0f5dc73a2c1ebbd16edf06e5fec2b8b2e9832fe9f63e3619e7d91e456d1be044,Success,Operate Device,67002014,16/01/2026 11:36,0x02C2A0Ca41D850185fd29D81a1F2F894Ee610B3f,,0xc2d2b7fFa11Ea4DA2484759ee93d8DB157E8F0c1,,0 BNB,$0.00,0.000217
0x82eea8bd7d215597b496eb5c222899870a6850ab575b0b39457e5e1a9ba073bd,Success,Operate Device,67001967,16/01/2026 05:49,0x02C2A0Ca41D850185fd29D81a1F2F894Ee610B3f,,0xc2d2b7fFa11Ea4DA2484759ee93d8DB157E8F0c1,,0 BNB,$0.00,0.00022
0x58936542a4f1488c5c036c3f03fbabb38bb7c73ac941d69a30a267ec8394c3d1,Success,Operate Device,67001921,16/01/2026 01:03,0x02C2A0Ca41D850185fd29D81a1F2F894Ee610B3f,,0xc2d2b7fFa11Ea4DA2484759ee93d8DB157E8F0c1,,0 BNB,$0.00,0.000218
0x2f3edc84fc66b8a735399a97c8e5cbb3e202e493e0d77ec8c6f293193f524f00,Success,Define Device,67012899,15/04/2026 21:19,0x02C2A0Ca41D850185fd29D81a1F2F894Ee610B3f,,0xc2d2b7fFa11Ea4DA2484759ee93d8DB157E8F0c1,,0 BNB,$0.00,0.000447
0x9167f0d428b674bda905dee4ac3ea5b3505e46732c3f96fc754ed1afd781e737,Success,Operate Device,67012872,15/04/2026 17:21,0x02C2A0Ca41D850185fd29D81a1F2F894Ee610B3f,,0xc2d2b7fFa11Ea4DA2484759ee93d8DB157E8F0c1,,0 BNB,$0.00,0.00022
0x64accdf10766671e0edc479f0bf4072ef86498c002f74d7c62ba8b4569ab0b4c,Success,Grant Access,67012862,15/04/2026 09:56,0x02C2A0Ca41D850185fd29D81a1F2F894Ee610B3f,,0xc2d2b7fFa11Ea4DA2484759ee93d8DB157E8F0c1,,0 BNB,$0.00,0.000338
0x05c0be5c60d0c6638d1f426c592be31c22b210005beb372f3430978b2524f2bb,Success,Operate Device,67012838,15/04/2026 04:58,0x02C2A0Ca41D850185fd29D81a1F2F894Ee610B3f,,0xc2d2b7fFa11Ea4DA2484759ee93d8DB157E8F0c1,,0 BNB,$0.00,0.000216
0x90f2b9e78a407777aa13ae9b2df4d6ac9735f8429133a69f9b8f1bfdd53f951d,Success,Remove Device,67009024,15/03/2026 17:18,0x02C2A0Ca41D850185fd29D81a1F2F894Ee610B3f,,0xc2d2b7fFa11Ea4DA2484759ee93d8DB157E8F0c1,,0 BNB,$0.00,0.000123
0x7eb094ccf4ef0fd9a6573ecb3c80f11c3ee59bfcf87c9980d08655518dd35f6b,Success,Grant Access,67009004,15/03/2026 12:43,0x02C2A0Ca41D850185fd29D81a1F2F894Ee610B3f,,0xc2d2b7fFa11Ea4DA2484759ee93d8DB157E8F0c1,,0 BNB,$0.00,0.000332
0xf8318ce87b8d472729cbd6116a59e7e88c15f7c8f03ec8dd13be826068b095b5,Success,Operate Device,67008972,15/03/2026 09:51,0x02C2A0Ca41D850185fd29D81a1F2F894Ee610B3f,,0xc2d2b7fFa11Ea4DA2484759ee93d8DB157E8F0c1,,0 BNB,$0.00,0.000214
0x034002dc90abb8020cf9f9c2a3cbeac275f985df071e9f803752f71b89f0b38d,Success,Remove Device,67008948,15/03/2026 03:42,0x02C2A0Ca41D850185fd29D81a1F2F894Ee610B3f,,0xc2d2b7fFa11Ea4DA2484759ee93d8DB157E8F0c1,,0 BNB,$0.00,0.000124
0x3db26aa35f96d02fe64d9ad9554e8864cc096d408f9330e5057c08c04dfcb6df,Success,Operate Device,67005537,15/02/2026 22:53,0x02C2A0Ca41D850185fd29D81a1F2F894Ee610B3f,,0xc2d2b7fFa11Ea4DA2484759ee93d8DB157E8F0c1,,0 BNB,$0.00,0.000216
0xc482561496fe59c34c721aa5927aa95c39da02eee3bb0c4d60d40ed6349a9cde,Success,Grant Access,67005500,15/02/2026 18:39,0x02C2A0Ca41D850185fd29D81a1F2F894Ee610B3f,,0xc2d2b7fFa11Ea4DA2484759ee93d8DB157E8F0c1,,0 BNB,$0.00,0.000334
0x24a79775288df34fec9edb604180ac95bc448a60656935841ab7b51a4f3cb647,Success,Operate Device,67005470,15/02/2026 10:24,0x02C2A0Ca41D850185fd29D81a1F2F894Ee610B3f,,0xc2d2b7fFa11Ea4DA2484759ee93d8DB157E8F0c1,,0 BNB,$0.00,0.000217
0x82c4f67f7e10ab88936461d202adba78f85005c6a31475193c0946540554fc9c,Success,Operate Device,67005450,15/02/2026 02:22,0x02C2A0Ca41D850185fd29D81a1F2F894Ee610B3f,,0xc2d2b7fFa11Ea4DA2484759ee93d8DB157E8F0c1,,0 BNB,$0.00,0.000214
0x2992d4ff998058f49f9c45d3a63fad084aad2869a253bad5fb33ba1fc8987cb7,Success,Operate Device,67001890,15/01/2026 19:03,0x02C2A0Ca41D850185fd29D81a1F2F894Ee610B3f,,0xc2d2b7fFa11Ea4DA2484759ee93d8DB157E8F0c1,,0 BNB,$0.00,0.000216
0x1eb8feab1751194a2aca3c07b57e85840c05550b64a1287fa170243445671edd,Success,Operate Device,67001848,15/01/2026 14:56,0x02C2A0Ca41D850185fd29D81a1F2F894Ee610B3f,,0xc2d2b7fFa11Ea4DA2484759ee93d8DB157E8F0c1,,0 BNB,$0.00,0.000219
0x1359b420823f761ee2fbb028b4384f4d92cb81a9850ee92ee5dc3c5ffff0d87e,Success,Operate Device,67001799,15/01/2026 08:41,0x02C2A0Ca41D850185fd29D81a1F2F894Ee610B3f,,0xc2d2b7fFa11Ea4DA2484759ee93d8DB157E8F0c1,,0 BNB,$0.00,0.000213
0x59fa7fe3c9c5d4760bbacd2fbe420b20802ed1f2b90ccf2294b1de9b7538968e,Success,Define Device,67001779,15/01/2026 02:18,0x02C2A0Ca41D850185fd29D81a1F2F894Ee610B3f,,0xc2d2b7fFa11Ea4DA2484759ee93d8DB157E8F0c1,,0 BNB,$0.00,0.000444
0xcace81a95234bbfec5ca25376932e9bd79825e1197be0eeeb3de82c8e3524905,Success,Grant Access,67012809,14/04/2026 21:37,0x02C2A0Ca41D850185fd29D81a1F2F894Ee610B3f,,0xc2d2b7fFa11Ea4DA2484759ee93d8DB157E8F0c1,,0 BNB,$0.00,0.000341
0xa93d87a7d02bd05d748dc1b29d0bbf649dd378aeb317b0f7cfc875ffe4e6b73c,Success,Grant Access,67012762,14/04/2026 14:26,0x02C2A0Ca41D850185fd29D81a1F2F894Ee610B3f,,0xc2d2b7fFa11Ea4DA2484759ee93d8DB157E8F0c1,,0 BNB,$0.00,0.000334
0xa283146975a5fd0e515766331592463ab186f85bb508173bde1597cecf681c5a,Success,Operate Device,67012722,14/04/2026 07:43,0x02C2A0Ca41D850185fd29D81a1F2F894Ee610B3f,,0xc2d2b7fFa11Ea4DA2484759ee93d8DB157E8F0c1,,0 BNB,$0.00,0.000217
0x3d410b105bbf52afe49f3f08894851b17a02e741513104ec87984a16bb5d431b,Success,Operate Device,67012689,14/04/2026 02:49,0x02C2A0Ca41D850185fd29D81a1F2F894Ee610B3f,,0xc2d2b7fFa11Ea4DA2484759ee93d8DB157E8F0c1,,0 BNB,$0.00,0.000215
0x4d33cb96b06bd03a624da3851b4ac989ecc75905498e5469f130b08f4f34136b,Success,Operate Device,67012644,14/04/2026 00:01,0x02C2A0Ca41D850185fd29D81a1F2F894Ee610B3f,,0xc2d2b7fFa11Ea4DA2484759ee93d8DB157E8F0c1,,0 BNB,$0.00,0.000213
0x5465594017e6c87a2ad2b21e4c0e63972ff69ac85cb218ad67a91d3ae2f52be8,Success,Operate Device,67008926,14/03/2026 20:07,0x02C2A0Ca41D850185fd29D81a1F2F894Ee610B3f,,0xc2d2b7fFa11Ea4DA2484759ee93d8DB157E8F0c1,,0 BNB,$0.00,0.000215
0xca9a0b8a9f63ffcc70316448b8fd77ce1fc97aa87c441b931c95afe4fbc3f1e1,Success,Operate Device,67008881,14/03/2026 15:06,0x02C2A0Ca41D850185fd29D81a1F2F894Ee610B3f,,0xc2d2b7fFa11Ea4DA2484759ee93d8DB157E8F0c1,,0 BNB,$0.00,0.000212
0xa80ca000d64fef5afd64f9fc885410369fb42b5de1ec398baa2a4a1737fa9351,Success,Operate Device,67008865,14/03/2026 12:13,0x02C2A0Ca41D850185fd29D81a1F2F894Ee610B3f,,0xc2d2b7fFa11Ea4DA2484759ee93d8DB157E8F0c1,,0 BNB,$0.00,0.000216
0x63f7635d443f97dd2c0185e4747dfade381a3d67fb5eaba7307a4ae2dadbf5be,Success,Operate Device,67008824,14/03/2026 09:06,0x02C2A0Ca41D850185fd29D81a1F2F894Ee610B3f,,0xc2d2b7fFa11Ea4DA2484759ee93d8DB157E8F0c1,,0 BNB,$0.00,0.000214
0x435a26692e0deb83df72882801d3d18bb992a6865ee30d04afacbe9ef927c1f9,Success,Operate Device,67008810,14/03/2026 01:42,0x02C2A0Ca41D850185fd29D81a1F2F894Ee610B3f,,0xc2d2b7fFa11Ea4DA2484759ee93d8DB157E8F0c1,,0 BNB,$0.00,0.000212
0x7e4360c05b1ceca1a94d8c91434c82421323d16d2bea844169c5d101e7005293,Success,Remove Device,67005412,14/02/2026 22:59,0x02C2A0Ca41D850185fd29D81a1F2F894Ee610B3f,,0xc2d2b7fFa11Ea4DA2484759ee93d8DB157E8F0c1,,0 BNB,$0.00,0.000122
0x095ff34718055837e89f4cd75bf3c1a8e620150e3c7d60785ec8b290521c33a7,Success,Operate Device,67005382,14/02/2026 18:39,0x02C2A0Ca41D850185fd29D81a1F2F894Ee610B3f,,0xc2d2b7fFa11Ea4DA2484759ee93d8DB157E8F0c1,,0 BNB,$0.00,0.000212
0xa9efe534017e6c6bd2275a6afe4d6bc91e2ad274e44598f5099ba42fed85c53b,Success,Operate Device,67005351,14/02/2026 14:15,0x02C2A0Ca41D850185fd29D81a1F2F894Ee610B3f,,0xc2d2b7fFa11Ea4DA2484759ee93d8DB157E8F0c1,,0 BNB,$0.00,0.000212
0x81c9d40d6ae22a523571a564b4c1d8afe3a125f13b5be15082fdac10349956a2,Success,Operate Device,67005340,14/02/2026 10:14,0x02C2A0Ca41D850185fd29D81a1F2F894Ee610B3f,,0xc2d2b7fFa11Ea4DA2484759ee93d8DB157E8F0c1,,0 BNB,$0.00,0.000218
0x19086f3f963967c74384e6a79aabe3fc9171d01999eccc8d28d44b45b74ff0da,Success,Operate Device,67005312,14/02/2026 05:46,0x02C2A0Ca41D850185fd29D81a1F2F894Ee610B3f,,0xc2d2b7fFa11Ea4DA2484759ee93d8DB157E8F0c1,,0 BNB,$0.00,0.000218
0x360f770ad0f79134b3486292e0a5eab17e2748c3a54839e89db21de10ecbc3fd,Success,Add Super Admin,67005276,14/02/2026 00:50,0x02C2A0Ca41D850185fd29D81a1F2F894Ee610B3f,,0xc2d2b7fFa11Ea4DA2484759ee93d8DB157E8F0c1,,0 BNB,$0.00,0.000268
0xd3684c1dd92ed5947fbf3d0865989e8b9fb6dbc60f6758884f69c554e4e75c43,Success,Operate Device,67001756,14/01/2026 19:41,0x02C2A0Ca41D850185fd29D81a1F2F894Ee610B3f,,0xc2d2b7fFa11Ea4DA2484759ee93d8DB157E8F0c1,,0 BNB,$0.00,0.00022
0x8548260a01d8cb749211d8755e617beb5e5a56fd90d755df81bca3bb599cea89,Success,Grant Access,67001721,14/01/2026 13:54,0x02C2A0Ca41D850185fd29D81a1F2F894Ee610B3f,,0xc2d2b7fFa11Ea4DA2484759ee93d8DB157E8F0c1,,0 BNB,$0.00,0.000333
0xf3a7b998ec1c264017eeb77f087124a6a07f851f27f76cd910f294f2b7a603f9,Success,Operate Device,67001709,14/01/2026 06:34,0x02C2A0Ca41D850185fd29D81a1F2F894Ee610B3f,,0xc2d2b7fFa11Ea4DA2484759ee93d8DB157E8F0c1,,0 BNB,$0.00,0.000216
0x3ee111bcea37d6d285d271c687586e82890bc85945a57e22fb7737d0d9457b2d,Success,Operate Device,67001688,14/01/2026 03:37,0x02C2A0Ca41D850185fd29D81a1F2F894Ee610B3f,,0xc2d2b7fFa11Ea4DA2484759ee93d8DB157E8F0c1,,0 BNB,$0.00,0.00022
0x2852c1f270c0c180c35e573f0e046920f26723f2e89e9e26bc3de063294f9949,Success,Revoke Access,67012626,13/04/2026 20:33,0x02C2A0Ca41D850185fd29D81a1F2F894Ee610B3f,,0xc2d2b7fFa11Ea4DA2484759ee93d8DB157E8F0c1,,0 BNB,$0.00,0.000126
0x7d204480f227ac0850542de252708518d7df8788b90b8c35eff3c9ff2d5c2445,Success,Operate Device,67012586,13/04/2026 13:09,0x02C2A0Ca41D850185fd29D81a1F2F894Ee610B3f,,0xc2d2b7fFa11Ea4DA2484759ee93d8DB157E8F0c1,,0 BNB,$0.00,0.000212
0x3d928722d458281fb0456d57b67c614f27ccaaeb8e6d8d23b2abfb2f98c9d833,Success,Operate Device,67012576,13/04/2026 05:53,0x02C2A0Ca41D850185fd29D81a1F2F894Ee610B3f,,0xc2d2b7fFa11Ea4DA2484759ee93d8DB157E8F0c1,,0 BNB,$0.00,0.000219
0x46121f343e61ff8bc22f4e1435fab89234ef10953d0a8f928bba6caa6024ebc2,Success,Operate Device,67012539,13/04/2026 00:22,0x02C2A0Ca41D850185fd29D81a1F2F894Ee610B3f,,0xc2d2b7fFa11Ea4DA2484759ee93d8DB157E8F0c1,,0 BNB,$0.00,0.000215
0x0926fdd9a80f2cc4dc7af66247fc1c4a7ed7e8db3610d326be8cdd163dd8ab0b,Success,Operate Device,67008780,13/03/2026 18:20,0x02C2A0Ca41D850185fd29D81a1F2F894Ee610B3f,,0xc2d2b7fFa11Ea4DA2484759ee93d8DB157E8F0c1,,0 BNB,$0.00,0.000214
0x67d8e0062ab61c2c30a2e734303f22644e32858cddd1b8b606baa3cebbf5c588,Success,Operate Device,67008754,13/03/2026 11:48,0x02C2A0Ca41D850185fd29D81a1F2F894Ee610B3f,,0xc2d2b7fFa11Ea4DA2484759ee93d8DB157E8F0c1,,0 BNB,$0.00,0.000217
0x9266475b19cc36c2eed72611756fa867abaa4bec77d036b6ab35afcb5d21f1a7,Success,Operate Device,67008738,13/03/2026 07:12,0x02C2A0Ca41D850185fd29D81a1F2F894Ee610B3f,,0xc2d2b7fFa11Ea4DA2484759ee93d8DB157E8F0c1,,0 BNB,$0.00,0.000213
0x852935be53514dd93a619125ab3f04db3e5e6c3eeb7df4279e2fbe6082da74c4,Success,Remove Device,67008693,13/03/2026 03:06,0x02C2A0Ca41D850185fd29D81a1F2F894Ee610B3f,,0xc2d2b7fFa11Ea4DA2484759ee93d8DB157E8F0c1,,0 BNB,$0.00,0.000122
0x23d6fefe79ce6d9060eb45fa6a1db9c9e9b5a80187134de64c6a52861250c4a3,Success,Operate Device,67005261,13/02/2026 21:43,0x02C2A0Ca41D850185fd29D81a1F2F894Ee610B3f,,0xc2d2b7fFa11Ea4DA2484759ee93d8DB157E8F0c1,,0 BNB,$0.00,0.000218
0x916cf5ba67073309f3d462f392b3ba5159dad21a1c9fdeb0b0b59261407389b3,Success,Operate Device,67005215,13/02/2026 15:57,0x02C2A0Ca41D850185fd29D81a1F2F894Ee610B3f,,0xc2d2b7fFa11Ea4DA2484759ee93d8DB157E8F0c1,,0 BNB,$0.00,0.000212
0x9ed2aca4278025dab497ac3140e67a0f7099f97a04756c90072ec8e2be65b04f,Success,Operate Device,67005170,13/02/2026 08:09,0x02C2A0Ca41D850185fd29D81a1F2F894Ee610B3f,,0xc2d2b7fFa11Ea4DA2484759ee93d8DB157E8F0c1,,0 BNB,$0.00,0.000217
0x9b1fdfd0262f0fce5630333d45720c25ceeac26d5a226f4a979c214df3575f3c,Success,Remove Device,67005140,13/02/2026 03:47,0x02C2A0Ca41D850185fd29D81a1F2F894Ee610B3f,,0xc2d2b7fFa11Ea4DA2484759ee93d8DB157E8F0c1,,0 BNB,$0.00,0.000124
0xbfe877e0bd031997aa6c9a8463e6a5cb5c4cd9e475cd10a2a499587a88a7bd72,Success,Operate Device,67001671,13/01/2026 21:13,0x02C2A0Ca41D850185fd29D81a1F2F894Ee610B3f,,0xc2d2b7fFa11Ea4DA2484759ee93d8DB157E8F0c1,,0 BNB,$0.00,0.000214
0x947fc10aa0f8629012562be4a9773bb60cb4b64fde3271082015e2dd1b2aa6ff,Success,Operate Device,67001623,13/01/2026 16:58,0x02C2A0Ca41D850185fd29D81a1F2F894Ee610B3f,,0xc2d2b7fFa11Ea4DA2484759ee93d8DB157E8F0c1,,0 BNB,$0.00,0.000214
0x7cba2336a405334747be7bdeb240fa1675a5c20076bb1ae7a6574582f46fb1c6,Success,Operate Device,67001575,13/01/2026 12:25,0x02C2A0Ca41D850185fd29D81a1F2F894Ee610B3f,,0xc2d2b7fFa11Ea4DA2484759ee93d8DB157E8F0c1,,0 BNB,$0.00,0.000213
0xb342b6420855b3af4dee960fde84c761f27f80777f15932d22f28ae4960f0b80,Success,Operate Device,67001550,13/01/2026 08:24,0x02C2A0Ca41D850185fd29D81a1F2F894Ee610B3f,,0xc2d2b7fFa11Ea4DA2484759ee93d8DB157E8F0c1,,0 BNB,$0.00,0.000216
0x8a5f458538f9cc1cd66c5fb1f4e9f29087a626e28e9e3fcb7cd05d30e986dbaa,Success,Grant Access,67001527,13/01/2026 04:32,0x02C2A0Ca41D850185fd29D81a1F2F894Ee610B3f,,0xc2d2b7fFa11Ea4DA2484759ee93d8DB157E8F0c1,,0 BNB,$0.00,0.000331
0xf0e993e6be3c97cd86f1efe0251031a02d82de768c8567a8218a5ff5492aeec6,Success,Operate Device,67012512,12/04/2026 20:59,0x02C2A0Ca41D850185fd29D81a1F2F894Ee610B3f,,0xc2d2b7fFa11Ea4DA2484759ee93d8DB157E8F0c1,,0 BNB,$0.00,0.00022
0x4035a5a722baebff963f8db0f3bf8eb18c31be13a9a020fd3fcf3adb24e5c80a,Success,Operate Device,67012481,12/04/2026 17:01,0x02C2A0Ca41D850185fd29D81a1F2F894Ee610B3f,,0xc2d2b7fFa11Ea4DA2484759ee93d8DB157E8F0c1,,0 BNB,$0.00,0.000213
0x58a61b0743c9b0b0cdecf0c0495bdc207667f43e9e6b7c5bc348eb66dd4ff104,Success,Operate Device,67012452,12/04/2026 08:38,0x02C2A0Ca41D850185fd29D81a1F2F894Ee610B3f,,0xc2d2b7fFa11Ea4DA2484759ee93d8DB157E8F0c1,,0 BNB,$0.00,0.000219
0x0fa9ce1763ace6f54ba2d93c73b083e471c7ff2a3072f16300428be66648d30f,Success,Operate Device,67012421,12/04/2026 01:06,0x02C2A0Ca41D850185fd29D81a1F2F894Ee610B3f,,0xc2d2b7fFa11Ea4DA2484759ee93d8DB157E8F0c1,,0 BNB,$0.00,0.000218
0x1a05b7a874b0d376cd0fbc79157a5f1cef8dbd756202792d8cb042b71f68ce52,Success,Revoke Access,67008680,12/03/2026 19:36,0x02C2A0Ca41D850185fd29D81a1F2F894Ee610B3f,,0xc2d2b7fFa11Ea4DA2484759ee93d8DB157E8F0c1,,0 BNB,$0.00,0.000123
0x5a15a6c948b61166647654557970d978a5f1643356f6a65016bdc8c4e6933609,Success,Define Device,67008640,12/03/2026 15:37,0x02C2A0Ca41D850185fd29D81a1F2F894Ee610B3f,,0xc2d2b7fFa11Ea4DA2484759ee93d8DB157E8F0c1,,0 BNB,$0.00,0.000451
0xa9a311846f9d55793c303b9b33ac6addb63167b3d1101f636c70e8cf56458959,Success,Remove Device,67008630,12/03/2026 08:02,0x02C2A0Ca41D850185fd29D81a1F2F894Ee610B3f,,0xc2d2b7fFa11Ea4DA2484759ee93d8DB157E8F0c1,,0 BNB,$0.00,0.000124
0x409f042c97c34e1c598d619e550438ed4efdf3b717e003a8ec18bb4c236a4d73,Success,Revoke Access,67008609,12/03/2026 00:59,0x02C2A0Ca41D850185fd29D81a1F2F894Ee610B3f,,0xc2d2b7fFa11Ea4DA2484759ee93d8DB157E8F0c1,,0 BNB,$0.00,0.000126
0x2deb267254c82c57e18c18de62619ba59dd4c8033b9136b9f6f9495a5fa8321e,Success,Operate Device,67005112,12/02/2026 20:06,0x02C2A0Ca41D850185fd29D81a1F2F894Ee610B3f,,0xc2d2b7fFa11Ea4DA2484759ee93d8DB157E8F0c1,,0 BNB,$0.00,0.000214
0x3e4940687a556193d7a23309afdae45185d83fcdbdfe85078fac57ff3debe652,Success,Operate Device,67005100,12/02/2026 16:56,0x02C2A0Ca41D850185fd29D81a1F2F894Ee610B3f,,0xc2d2b7fFa11Ea4DA2484759ee93d8DB157E8F0c1,,0 BNB,$0.00,0.000214
0x00e6d71dc4cc3e6013fcc233c0ccbf7ea443ff6b9239b61cf92f73998daf717b,Success,Grant Access,67005050,12/02/2026 08:57,0x02C2A0Ca41D850185fd29D81a1F2F894Ee610B3f,,0xc2d2b7fFa11Ea4DA2484759ee93d8DB157E8F0c1,,0 BNB,$0.00,0.000337
0xabe063e4811e2cfe81917e6e0e790953ac22a455111ee56a7e9f06e31311c244,Success,Add Super Admin,67005039,12/02/2026 04:24,0x02C2A0Ca41D850185fd29D81a1F2F894Ee610B3f,,0xc2d2b7fFa11Ea4DA2484759ee93d8DB157E8F0c1,,0 BNB,$0.00,0.000263
0x19a68ca772b89286f86c5af84917ad5b50eaf9041c50e21a2ce75660a1755f57,Success,Remove Device,67001496,12/01/2026 22:14,0x02C2A0Ca41D850185fd29D81a1F2F894Ee610B3f,,0xc2d2b7fFa11Ea4DA2484759ee93d8DB157E8F0c1,,0 BNB,$0.00,0.000124
0x00391323bc2f7258c6c50f28024e2e634b76e324a3313bb2d090716e7f800a57,Success,Operate Device,67001468,12/01/2026 17:21,0x02C2A0Ca41D850185fd29D81a1F2F894Ee610B3f,,0xc2d2b7fFa11Ea4DA2484759ee93d8DB157E8F0c1,,0 BNB,$0.00,0.000219
0xe73f60cefd7b5ae9e986d80dd9a58f4fbfebb99930698fbc83c28f562ea9f8d6,Success,Operate Device,67001419,12/01/2026 09:35,0x02C2A0Ca41D850185fd29D81a1F2F894Ee610B3f,,0xc2d2b7fFa11Ea4DA2484759ee93d8DB157E8F0c1,,0 BNB,$0.00,0.000215
0x03eeb6d8cda7632ae16123949076d55b0d23935efc9116b3a87f515eb1172064,Success,Operate Device,67001394,12/01/2026 02:00,0x02C2A0Ca41D850185fd29D81a1F2F894Ee610B3f,,0xc2d2b7fFa11Ea4DA2484759ee93d8DB157E8F0c1,,0 BNB,$0.00,0.000216
0x1cc2fa129f1c22645697951479ae5288895eb29aab68ab9dc54c09ffdc5b3ded,Success,Operate Device,67016319,11/05/2026 07:26,0x02C2A0Ca41D850185fd29D81a1F2F894Ee610B3f,,0xc2d2b7fFa11Ea4DA2484759ee93d8DB157E8F0c1,,0 BNB,$0.00,0.000215
0x8ab3a43f2dbf129a90d3fbc37bc1ba199ad973d1988af423f2ce45d39195d9a4,Success,Operate Device,67016307,11/05/2026 01:23,0x02C2A0Ca41D850185fd29D81a1F2F894Ee610B3f,,0xc2d2b7fFa11Ea4DA2484759ee93d8DB157E8F0c1,,0 BNB,$0.00,0.000217
0x835639637cb13bb6f641de3de981391617be5040444d7fcc8ca2389a032625d4,Success,Operate Device,67012381,11/04/2026 19:13,0x02C2A0Ca41D850185fd29D81a1F2F894Ee610B3f,,0xc2d2b7fFa11Ea4DA2484759ee93d8DB157E8F0c1,,0 BNB,$0.00,0.000217
0xeee844b24da09d45458bb9891b108be8113ef86f095a981ead76caf51d055c78,Success,Operate Device,67012348,11/04/2026 11:28,0x02C2A0Ca41D850185fd29D81a1F2F894Ee610B3f,,0xc2d2b7fFa11Ea4DA2484759ee93d8DB157E8F0c1,,0 BNB,$0.00,0.000219
0x22b0eca72ea2aa81ff07203383acbfa98a7441151798623ef4fcae0c449e3835,Success,Operate Device,67012302,11/04/2026 03:31,0x02C2A0Ca41D850185fd29D81a1F2F894Ee610B3f,,0xc2d2b7fFa11Ea4DA2484759ee93d8DB157E8F0c1,,0 BNB,$0.00,0.000218
0x2fd0f5feaf1d81f3d198a0bcc0313f234343afb874a273a300ee5a83335354f1,Success,Operate Device,67008589,11/03/2026 19:15,0x02C2A0Ca41D850185fd29D81a1F2F894Ee610B3f,,0xc2d2b7fFa11Ea4DA2484759ee93d8DB157E8F0c1,,0 BNB,$0.00,0.000217
0x1b682d8fc11af91ab30aa455b861fbe5a248acd286152dfb2d1b1d4962c5a621,Success,Grant Access,67008563,11/03/2026 12:07,0x02C2A0Ca41D850185fd29D81a1F2F894Ee610B3f,,0xc2d2b7fFa11Ea4DA2484759ee93d8DB157E8F0c1,,0 BNB,$0.00,0.00034
0x1279555f70223f1cc4e29b3137ecb13bf62aa3071c4f1e1200bc4d2062f04ab2,Success,Add Super Admin,67008525,11/03/2026 08:05,0x02C2A0Ca41D850185fd29D81a1F2F894Ee610B3f,,0xc2d2b7fFa11Ea4DA2484759ee93d8DB157E8F0c1,,0 BNB,$0.00,0.000269
0x75d66acf3a8ebc6522ef58b181624c1f9ef674f332ba42fcf42811691e27a324,Success,Grant Access,67008510,11/03/2026 04:07,0x02C2A0Ca41D850185fd29D81a1F2F894Ee610B3f,,0xc2d2b7fFa11Ea4DA2484759ee93d8DB157E8F0c1,,0 BNB,$0.00,0.000339
0x3795038d1a0278ccb40761d976464885e822b02a3e0dc7a72d24f51b0abd28d5,Success,Add Super Admin,67005026,11/02/2026 23:10,0x02C2A0Ca41D850185fd29D81a1F2F894Ee610B3f,,0xc2d2b7fFa11Ea4DA2484759ee93d8DB157E8F0c1,,0 BNB,$0.00,0.000268
0xee86dc5c5248c919c7943fbc27075c8335b09acc01fc4ac3a6ec5d90e833ed37,Success,Operate Device,67004991,11/02/2026 20:01,0x02C2A0Ca41D850185fd29D81a1F2F894Ee610B3f,,0xc2d2b7fFa11Ea4DA2484759ee93d8DB157E8F0c1,,0 BNB,$0.00,0.000216
0xae76b4bf1f2d076df31dfafc8f3296d7078c22a3da8f45456c3965a95490b9d6,Success,Operate Device,67004955,11/02/2026 13:06,0x02C2A0Ca41D850185fd29D81a1F2F894Ee610B3f,,0xc2d2b7fFa11Ea4DA2484759ee93d8DB157E8F0c1,,0 BNB,$0.00,0.000215
0xff3710783db33cc68e79e4e85d7cdccb1198a6b9e4304e8f4c7e3869374cba9e,Success,Operate Device,67004926,11/02/2026 08:00,0x02C2A0Ca41D850185fd29D81a1F2F894Ee610B3f,,0xc2d2b7fFa11Ea4DA2484759ee93d8DB157E8F0c1,,0 BNB,$0.00,0.000212
0xab923910421d02b2b858f5833fe9bfc6ad1d0329a185a97232414956e88f910f,Success,Define Device,67004909,11/02/2026 02:11,0x02C2A0Ca41D850185fd29D81a1F2F894Ee610B3f,,0xc2d2b7fFa11Ea4DA2484759ee93d8DB157E8F0c1,,0 BNB,$0.00,0.000451
0x8045e7c2a602883367b5d4fca9a703662113912dee8239e1069638a1cec4be91,Success,Operate Device,67001354,11/01/2026 18:12,0x02C2A0Ca41D850185fd29D81a1F2F894Ee610B3f,,0xc2d2b7fFa11Ea4DA2484759ee93d8DB157E8F0c1,,0 BNB,$0.00,0.000212
0x144a72e95c6b726bcb944c5f3dee7215716838dfa36ea25690d994d7a9bc8c33,Success,Operate Device,67001311,11/01/2026 11:16,0x02C2A0Ca41D850185fd29D81a1F2F894Ee610B3f,,0xc2d2b7fFa11Ea4DA2484759ee93d8DB157E8F0c1,,0 BNB,$0.00,0.00022
0x06ce68102c391eda21542a23d6ed0993a11d9b946a62ee36d7c95e4710dc5ba4,Success,Operate Device,67001301,11/01/2026 06:05,0x02C2A0Ca41D850185fd29D81a1F2F894Ee610B3f,,0xc2d2b7fFa11Ea4DA2484759ee93d8DB157E8F0c1,,0 BNB,$0.00,0.00022
0xa9252a115f3257447e1e3ba9a4bf5efe69292752799f35cb1b31204d10a25128,Success,Grant Access,67001256,11/01/2026 00:35,0x02C2A0Ca41D850185fd29D81a1F2F894Ee610B3f,,0xc2d2b7fFa11Ea4DA2484759ee93d8DB157E8F0c1,,0 BNB,$0.00,0.000335
0xcc5f6890fbb3166bd890653ba823e8146307b06a0e7e14133b3c35ad72ac27db,Success,Revoke Access,67016278,10/05/2026 22:06,0x02C2A0Ca41D850185fd29D81a1F2F894Ee610B3f,,0xc2d2b7fFa11Ea4DA2484759ee93d8DB157E8F0c1,,0 BNB,$0.00,0.000126
0x6b836f4d7de738c894201c6ee8fc5e803fb82cd71945e850f099a98521ace7c9,Success,Operate Device,67016247,10/05/2026 18:16,0x02C2A0Ca41D850185fd29D81a1F2F894Ee610B3f,,0xc2d2b7fFa11Ea4DA2484759ee93d8DB157E8F0c1,,0 BNB,$0.00,0.000214
0x672a94cc74d3fcf372523e06f8a30da6e71e19250e511ea22b4c34a283b74852,Success,Grant Access,67016218,10/05/2026 14:53,0x02C2A0Ca41D850185fd29D81a1F2F894Ee610B3f,,0xc2d2b7fFa11Ea4DA2484759ee93d8DB157E8F0c1,,0 BNB,$0.00,0.000331
0xfcb8ec3b0957d88920544e085c25e65944c9854aacc89e9a472edf36d2e5f2dc,Success,Revoke Access,67016189,10/05/2026 08:21,0x02C2A0Ca41D850185fd29D81a1F2F894Ee610B3f,,0xc2d2b7fFa11Ea4DA2484759ee93d8DB157E8F0c1,,0 BNB,$0.00,0.000126
0x987dada4931d7d43a399e0a995d78eb123bb0779a28e386aafad45a879c55c9d,Success,Grant Access,67016139,10/05/2026 03:14,0x02C2A0Ca41D850185fd29D81a1F2F894Ee610B3f,,0xc2d2b7fFa11Ea4DA2484759ee93d8DB157E8F0c1,,0 BNB,$0.00,0.000342
0x8df6f076243e542d362b4d2da61e5a95463a10e6c45f41867b4b745cd0326cb1,Success,Operate Device,67012267,10/04/2026 19:27,0x02C2A0Ca41D850185fd29D81a1F2F894Ee610B3f,,0xc2d2b7fFa11Ea4DA2484759ee93d8DB157E8F0c1,,0 BNB,$0.00,0.000213
0xbffb698844bc291422a4d90e7e80d79585e44886161847c79ce09a5bf3a404e3,Success,Operate Device,67012219,10/04/2026 11:53,0x02C2A0Ca41D850185fd29D81a1F2F894Ee610B3f,,0xc2d2b7fFa11Ea4DA2484759ee93d8DB157E8F0c1,,0 BNB,$0.00,0.00022
0x0a1f4ea4186a1c9210325231da71c2f408f663203701f5b950e97522977cd5af,Success,Define Device,67012207,10/04/2026 06:22,0x02C2A0Ca41D850185fd29D81a1F2F894Ee610B3f,,0xc2d2b7fFa11Ea4DA2484759ee93d8DB157E8F0c1,,0 BNB,$0.00,0.000444
0x97859c57eeb6652094a2e727359bdf802e71f64be9656b42f5939b2d22439c24,Success,Operate Device,67012186,10/04/2026 00:49,0x02C2A0Ca41D850185fd29D81a1F2F894Ee610B3f,,0xc2d2b7fFa11Ea4DA2484759ee93d8DB157E8F0c1,,0 BNB,$0.00,0.000214
0xf77200c0437805cd52c016d3241ccc557080a9fa1006e4af3d658c76e8d08ede,Success,Operate Device,67008493,10/03/2026 21:39,0x02C2A0Ca41D850185fd29D81a1F2F894Ee610B3f,,0xc2d2b7fFa11Ea4DA2484759ee93d8DB157E8F0c1,,0 BNB,$0.00,0.000212
0x5390dff708f872f4728e6d0446fbb81be9f30dcdcaf52d3aa7e1b64bdc08dccf,Success,Remove Device,67008470,10/03/2026 18:50,0x02C2A0Ca41D850185fd29D81a1F2F894Ee610B3f,,0xc2d2b7fFa11Ea4DA2484759ee93d8DB157E8F0c1,,0 BNB,$0.00,0.000124
0xd68d4cc7fc30757542f4b4bc9fac74ca57ea30d56a03a0423deea910d1ee5c8b,Success,Define Device,67008452,10/03/2026 13:21,0x02C2A0Ca41D850185fd29D81a1F2F894Ee610B3f,,0xc2d2b7fFa11Ea4DA2484759ee93d8DB157E8F0c1,,0 BNB,$0.00,0.00045
0x9b268e9ae57e249a50a51fb55443b29bfcd6321f5b40ab04e0a57ec6fc13dd8d,Success,Add Super Admin,67008409,10/03/2026 08:56,0x02C2A0Ca41D850185fd29D81a1F2F894Ee610B3f,,0xc2d2b7fFa11Ea4DA2484759ee93d8DB157E8F0c1,,0 BNB,$0.00,0.000265
0x607f77e0077f7757957d8f3052118ab2fbb0f302d3e7a240ed3e5d6831402adc,Success,Operate Device,67008395,10/03/2026 06:08,0x02C2A0Ca41D850185fd29D81a1F2F894Ee610B3f,,0xc2d2b7fFa11Ea4DA2484759ee93d8DB157E8F0c1,,0 BNB,$0.00,0.000213
0xb03ec86385e7ed3fe5de62e02bb22e38120e4c6b9d4c4afef03bd49b2fb8cf6b,Success,Operate Device,67004861,10/02/2026 21:45,0x02C2A0Ca41D850185fd29D81a1F2F894Ee610B3f,,0xc2d2b7fFa11Ea4DA2484759ee93d8DB157E8F0c1,,0 BNB,$0.00,0.000216
0xcd0e1c20e9e3f99267664f9f41dffd91c7d101c3d3bac11f7bba9167a4cea6de,Success,Operate Device,67004822,10/02/2026 13:29,0x02C2A0Ca41D850185fd29D81a1F2F894Ee610B3f,,0xc2d2b7fFa11Ea4DA2484759ee93d8DB157E8F0c1,,0 BNB,$0.00,0.000219
0x43849c923033d5481486349a7125667ce3a18d4fea3282466aa0308554c58f3a,Success,Operate Device,67004782,10/02/2026 10:18,0x02C2A0Ca41D850185fd29D81a1F2F894Ee610B3f,,0xc2d2b7fFa11Ea4DA2484759ee93d8DB157E8F0c1,,0 BNB,$0.00,0.000213
0xeb65c03f69eba4ac38038c7837c65f1928811736a13b707ed3c4ea3d95228433,Success,Operate Device,67004760,10/02/2026 06:07,0x02C2A0Ca41D850185fd29D81a1F2F894Ee610B3f,,0xc2d2b7fFa11Ea4DA2484759ee93d8DB157E8F0c1,,0 BNB,$0.00,0.000216
0x56a94e1c3c44956409df5b8729096a2c4db7bc0e3d946d96a3dac366e04dd0a2,Success,Operate Device,67004723,10/02/2026 00:46,0x02C2A0Ca41D850185fd29D81a1F2F894Ee610B3f,,0xc2d2b7fFa11Ea4DA2484759ee93d8DB157E8F0c1,,0 BNB,$0.00,0.000214
0xa5d20d0165e144cb7d2d01d2636e0cf304f60ca6de877ba7b9b0ad768a8933fe,Success,Add Super Admin,67001221,10/01/2026 21:15,0x02C2A0Ca41D850185fd29D81a1F2F894Ee610B3f,,0xc2d2b7fFa11Ea4DA2484759ee93d8DB157E8F0c1,,0 BNB,$0.00,0.000259
0x3927dee00932f386d8840251530fa4d750c87edc04958f754ef99b0c472114d3,Success,Operate Device,67001175,10/01/2026 13:06,0x02C2A0Ca41D850185fd29D81a1F2F894Ee610B3f,,0xc2d2b7fFa11Ea4DA2484759ee93d8DB157E8F0c1,,0 BNB,$0.00,0.000218
0x6a61ca02eda0c05cd7914d9e196201a9101366a0492cc0c34d6d8789110eb1b2,Success,Operate Device,67001128,10/01/2026 08:43,0x02C2A0Ca41D850185fd29D81a1F2F894Ee610B3f,,0xc2d2b7fFa11Ea4DA2484759ee93d8DB157E8F0c1,,0 BNB,$0.00,0.000212
0x12b3f98fa5c82c777e9beb4d31668e2d62533be57586f7bf37c8e787db38fde3,Success,Operate Device,67001107,10/01/2026 05:17,0x02C2A0Ca41D850185fd29D81a1F2F894Ee610B3f,,0xc2d2b7fFa11Ea4DA2484759ee93d8DB157E8F0c1,,0 BNB,$0.00,0.000212
0x54130019cd268cef46937319e8c95f626a91e64ad1b687854a8aff8375f5bf12,Success,Operate Device,67016109,09/05/2026 21:46,0x02C2A0Ca41D850185fd29D81a1F2F894Ee610B3f,,0xc2d2b7fFa11Ea4DA2484759ee93d8DB157E8F0c1,,0 BNB,$0.00,0.000215
0x14568f311970fbdbb5ec9cb38309f69cb443a0c03baf1e2463b3b021a039f88f,Success,Operate Device,67016072,09/05/2026 13:48,0x02C2A0Ca41D850185fd29D81a1F2F894Ee610B3f,,0xc2d2b7fFa11Ea4DA2484759ee93d8DB157E8F0c1,,0 BNB,$0.00,0.000219
0xa6cef1364554102b789d4a0614acc223abb6aa479b48a1d67a0bf0593e6e2f86,Success,Operate Device,67016032,09/05/2026 10:01,0x02C2A0Ca41D850185fd29D81a1F2F894Ee610B3f,,0xc2d2b7fFa11Ea4DA2484759ee93d8DB157E8F0c1,,0 BNB,$0.00,0.00022
0xa69a0e734ed0d4b60c58de77c5a0e934d3a529b768ce107f0eac3de1ef8d0854,Success,Grant Access,67016007,09/05/2026 02:45,0x02C2A0Ca41D850185fd29D81a1F2F894Ee610B3f,,0xc2d2b7fFa11Ea4DA2484759ee93d8DB157E8F0c1,,0 BNB,$0.00,0.000338
0x026bd5f1460bae5bdf1937bfd80b9876c8594a0086a9253f49fa83555eac1625,Success,Remove Device,67012154,09/04/2026 16:35,0x02C2A0Ca41D850185fd29D81a1F2F894Ee610B3f,,0xc2d2b7fFa11Ea4DA2484759ee93d8DB157E8F0c1,,0 BNB,$0.00,0.000123
0x15ada335140da03304660d9f8c82e733044b0f3711d192c1b1a92cb07558e7f9,Success,Operate Device,67012144,09/04/2026 13:41,0x02C2A0Ca41D850185fd29D81a1F2F894Ee610B3f,,0xc2d2b7fFa11Ea4DA2484759ee93d8DB157E8F0c1,,0 BNB,$0.00,0.000219
0x7c893dfb09a921b5374ca60a98896fa6d222dab7538d007d7708d07f748a67f0,Success,Revoke Access,67012122,09/04/2026 09:27,0x02C2A0Ca41D850185fd29D81a1F2F894Ee610B3f,,0xc2d2b7fFa11Ea4DA2484759ee93d8DB157E8F0c1,,0 BNB,$0.00,0.000122
0x4405ba69752a8441379d6ac37f218dc287e520e40b19f02bc703b735713c686b,Success,Operate Device,67012074,09/04/2026 03:29,0x02C2A0Ca41D850185fd29D81a1F2F894Ee610B3f,,0xc2d2b7fFa11Ea4DA2484759ee93d8DB157E8F0c1,,0 BNB,$0.00,0.000217
0x715e29e749707c122f79ad0fb93defe77b2fd87668d80c330a8ba96b1600ac3b,Success,Grant Access,67012027,09/04/2026 00:03,0x02C2A0Ca41D850185fd29D81a1F2F894Ee610B3f,,0xc2d2b7fFa11Ea4DA2484759ee93d8DB157E8F0c1,,0 BNB,$0.00,0.000331
0x380df9cc6a6d580425434401456d92a2bdfb5c70c4729b38dc1e91462d62bbec,Success,Define Device,67008348,09/03/2026 23:45,0x02C2A0Ca41D850185fd29D81a1F2F894Ee610B3f,,0xc2d2b7fFa11Ea4DA2484759ee93d8DB157E8F0c1,,0 BNB,$0.00,0.000452
0xe740caa6069db9918d2c5e298b6949926846341537819a8e0b74fd981415fe18,Success,Operate Device,67008322,09/03/2026 18:19,0x02C2A0Ca41D850185fd29D81a1F2F894Ee610B3f,,0xc2d2b7fFa11Ea4DA2484759ee93d8DB157E8F0c1,,0 BNB,$0.00,0.00022
0x3e78652d6216c7a1817a8e9b20728a3a9f411d1bcd9dedcd1ead145389988479,Success,Operate Device,67008278,09/03/2026 11:26,0x02C2A0Ca41D850185fd29D81a1F2F894Ee610B3f,,0xc2d2b7fFa11Ea4DA2484759ee93d8DB157E8F0c1,,0 BNB,$0.00,0.000219
0x9220d67f258a8f82b75399f82b32b622f54b6efc958ff5a382cbcebbeb3bad19,Success,Operate Device,67008261,09/03/2026 03:10,0x02C2A0Ca41D850185fd29D81a1F2F894Ee610B3f,,0xc2d2b7fFa11Ea4DA2484759ee93d8DB157E8F0c1,,0 BNB,$0.00,0.000212
0xa062629adeabdbbbc99023019d23b2d45690fd16517b11069a0123404d711be9,Success,Operate Device,67004697,09/02/2026 17:49,0x02C2A0Ca41D850185fd29D81a1F2F894Ee610B3f,,0xc2d2b7fFa11Ea4DA2484759ee93d8DB157E8F0c1,,0 BNB,$0.00,0.000219
0xfb94774b80c96ef27dabf5f879bf1e4ba0bf002863f00c6cae345116d8f90602,Success,Operate Device,67004652,09/02/2026 12:36,0x02C2A0Ca41D850185fd29D81a1F2F894Ee610B3f,,0xc2d2b7fFa11Ea4DA2484759ee93d8DB157E8F0c1,,0 BNB,$0.00,0.00022
0x7a1fb4c4b0ce6e9b9344413215adf7ca38367cf7847e720cd846aef36ec26ea8,Success,Add Super Admin,67004611,09/02/2026 06:52,0x02C2A0Ca41D850185fd29D81a1F2F894Ee610B3f,,0xc2d2b7fFa11Ea4DA2484759ee93d8DB157E8F0c1,,0 BNB,$0.00,0.000266
0x89456e6387342306eda77e0b21dc9123d3584b93629cadb9aafe21b68d8f399f,Success,Operate Device,67004563,09/02/2026 02:09,0x02C2A0Ca41D850185fd29D81a1F2F894Ee610B3f,,0xc2d2b7fFa11Ea4DA2484759ee93d8DB157E8F0c1,,0 BNB,$0.00,0.000215
0x791f88215146f97f992aa3621b3268203ee6e456b7f9c6b10d8bac7ab4436593,Success,Remove Device,67001078,09/01/2026 22:51,0x02C2A0Ca41D850185fd29D81a1F2F894Ee610B3f,,0xc2d2b7fFa11Ea4DA2484759ee93d8DB157E8F0c1,,0 BNB,$0.00,0.000123
0x75e88c6bb27f55870223e73a82697d04c094437e78cd1112aca6d0fa677a285c,Success,Operate Device,67001053,09/01/2026 16:43,0x02C2A0Ca41D850185fd29D81a1F2F894Ee610B3f,,0xc2d2b7fFa11Ea4DA2484759ee93d8DB157E8F0c1,,0 BNB,$0.00,0.000214
0x8f0696f96c4c95878a4185ad457125b32d1a34da3a0f7a5b0f779c5bd579d5eb,Success,Operate Device,67001024,09/01/2026 10:10,0x02C2A0Ca41D850185fd29D81a1F2F894Ee610B3f,,0xc2d2b7fFa11Ea4DA2484759ee93d8DB157E8F0c1,,0 BNB,$0.00,0.000217
0xce59e67dfa782ab6e9b30bab7d1532477afe8eccb95554086d76ce412675fd6f,Success,Grant Access,67001007,09/01/2026 05:51,0x02C2A0Ca41D850185fd29D81a1F2F894Ee610B3f,,0xc2d2b7fFa11Ea4DA2484759ee93d8DB157E8F0c1,,0 BNB,$0.00,0.000337
0x0008407bcba59228da4f3aa2946e07ff0ae24e9f94e63cf7dc076edf68580c75,Success,Operate Device,67015968,08/05/2026 21:26,0x02C2A0Ca41D850185fd29D81a1F2F894Ee610B3f,,0xc2d2b7fFa11Ea4DA2484759ee93d8DB157E8F0c1,,0 BNB,$0.00,0.000218
0x5ba1743d0da44cddfc991c19f9de787d768d3aac8ec15c263fa1e20a8c654984,Success,Grant Access,67015929,08/05/2026 16:55,0x02C2A0Ca41D850185fd29D81a1F2F894Ee610B3f,,0xc2d2b7fFa11Ea4DA2484759ee93d8DB157E8F0c1,,0 BNB,$0.00,0.000333
0x9d31ff901c2f1827a6009b67dd9e1fcbd9da00574f8869215dfbb68a4a7f63c5,Success,Remove Device,67015883,08/05/2026 12:05,0x02C2A0Ca41D850185fd29D81a1F2F894Ee610B3f,,0xc2d2b7fFa11Ea4DA2484759ee93d8DB157E8F0c1,,0 BNB,$0.00,0.000126
0x6402aebd7e6750bad18dbf09ce5054194aecff5952b368748ad512c56e1d76c0,Success,Operate Device,67015845,08/05/2026 04:33,0x02C2A0Ca41D850185fd29D81a1F2F894Ee610B3f,,0xc2d2b7fFa11Ea4DA2484759ee93d8DB157E8F0c1,,0 BNB,$0.00,0.000213
0x912ca4f071c9f65dc9dba659d1516a362273d964630f71821a04ddbbdfc027d8,Success,Grant Access,67011985,08/04/2026 17:53,0x02C2A0Ca41D850185fd29D81a1F2F894Ee610B3f,,0xc2d2b7fFa11Ea4DA2484759ee93d8DB157E8F0c1,,0 BNB,$0.00,0.000333
0x37f48895bc50c932734471371a63978539bbdd793cb65c47cc4bcbd3cfaf6a18,Success,Operate Device,67011962,08/04/2026 10:06,0x02C2A0Ca41D850185fd29D81a1F2F894Ee610B3f,,0xc2d2b7fFa11Ea4DA2484759ee93d8DB157E8F0c1,,0 BNB,$0.00,0.000213
0xb748cf72703e1f6c0d49e4b5ecaf0874ef0fb37483d290fd18f7c0b55036b350,Success,Operate Device,67011949,08/04/2026 04:06,0x02C2A0Ca41D850185fd29D81a1F2F894Ee610B3f,,0xc2d2b7fFa11Ea4DA2484759ee93d8DB157E8F0c1,,0 BNB,$0.00,0.000216
0xfba44d0d28a20691943b88d1df6b8f4ea7f28c0d99d95fb0297a2a795a7eb272,Success,Grant Access,67008243,08/03/2026 21:48,0x02C2A0Ca41D850185fd29D81a1F2F894Ee610B3f,,0xc2d2b7fFa11Ea4DA2484759ee93d8DB157E8F0c1,,0 BNB,$0.00,0.000331
0x2ea9d937a171e975abf8713810dfe0a25166e8c7afb4ebab1d2051837c320c17,Success,Operate Device,67008229,08/03/2026 17:54,0x02C2A0Ca41D850185fd29D81a1F2F894Ee610B3f,,0xc2d2b7fFa11Ea4DA2484759ee93d8DB157E8F0c1,,0 BNB,$0.00,0.000212
0xf28a25689f1e55f02e815e0beb8aaf26d48b70c35f85ec13b9cf3e7e22ef1485,Success,Operate Device,67008215,08/03/2026 14:51,0x02C2A0Ca41D850185fd29D81a1F2F894Ee610B3f,,0xc2d2b7fFa11Ea4DA2484759ee93d8DB157E8F0c1,,0 BNB,$0.00,0.00022
0x35cc926caabf68f6cbf816f5647a8d01af58b20c6ffdff2fb919a7202f5e600d,Success,Grant Access,67008195,08/03/2026 10:05,0x02C2A0Ca41D850185fd29D81a1F2F894Ee610B3f,,0xc2d2b7fFa11Ea4DA2484759ee93d8DB157E8F0c1,,0 BNB,$0.00,0.000342
0xcef3f8779e0c3f00603e49b12b55eee175da7cb6bf8446eaa6544d7e9056a843,Success,Remove Device,67008152,08/03/2026 03:15,0x02C2A0Ca41D850185fd29D81a1F2F894Ee610B3f,,0xc2d2b7fFa11Ea4DA2484759ee93d8DB157E8F0c1,,0 BNB,$0.00,0.000124
0x3d6ce286b8cb8258e9639b9423f92849008928e2292861f0b3fd1eabf9573472,Success,Operate Device,67008105,08/03/2026 00:18,0x02C2A0Ca41D850185fd29D81a1F2F894Ee610B3f,,0xc2d2b7fFa11Ea4DA2484759ee93d8DB157E8F0c1,,0 BNB,$0.00,0.000215
0xe09bbcd9aba0e2d7977ea50ba10b24ec010e4f1a5069b00747ff16ffdc72f8d7,Success,Operate Device,67004543,08/02/2026 18:30,0x02C2A0Ca41D850185fd29D81a1F2F894Ee610B3f,,0xc2d2b7fFa11Ea4DA2484759ee93d8DB157E8F0c1,,0 BNB,$0.00,0.000216
0xf9b0489af72f17943ded868cace0b97a31050b7e5437e6dab48b90a978b0c564,Success,Add Super Admin,67004532,08/02/2026 12:32,0x02C2A0Ca41D850185fd29D81a1F2F894Ee610B3f,,0xc2d2b7fFa11Ea4DA2484759ee93d8DB157E8F0c1,,0 BNB,$0.00,0.000269
0x7b9e18332c869e3bf61ecc5dac1cb9bed4ad96feb846efb6d8febacb958078a6,Success,Operate Device,67004510,08/02/2026 07:19,0x02C2A0Ca41D850185fd29D81a1F2F894Ee610B3f,,0xc2d2b7fFa11Ea4DA2484759ee93d8DB157E8F0c1,,0 BNB,$0.00,0.000215
0x839793f36808aac4094ba523effce58eefade22e3584d8a4720be340b7e1c6eb,Success,Grant Access,67000985,08/01/2026 23:58,0x02C2A0Ca41D850185fd29D81a1F2F894Ee610B3f,,0xc2d2b7fFa11Ea4DA2484759ee93d8DB157E8F0c1,,0 BNB,$0.00,0.000336
0xa86e64febb82e0caff7e348c71abcc44ee57e7dc54a302c688ade76f9b34ee71,Success,Operate Device,67000960,08/01/2026 15:50,0x02C2A0Ca41D850185fd29D81a1F2F894Ee610B3f,,0xc2d2b7fFa11Ea4DA2484759ee93d8DB157E8F0c1,,0 BNB,$0.00,0.000214
0x5fbdc1432fc87038a7e5c73092b65106aa587d01e72e281c18e9bec72e5bdf55,Success,Grant Access,67000934,08/01/2026 11:48,0x02C2A0Ca41D850185fd29D81a1F2F894Ee610B3f,,0xc2d2b7fFa11Ea4DA2484759ee93d8DB157E8F0c1,,0 BNB,$0.00,0.000337
0x6ded326b3767b898618de2c5afb46f71ea3a058c5df1c2d288763b51d176378b,Success,Operate Device,67000893,08/01/2026 05:53,0x02C2A0Ca41D850185fd29D81a1F2F894Ee610B3f,,0xc2d2b7fFa11Ea4DA2484759ee93d8DB157E8F0c1,,0 BNB,$0.00,0.000218
0x808da74ab3d3f53f8af56b6911fff64fa68b83ecfc57e32c7f2175060c1d84e5,Success,Grant Access,67000845,08/01/2026 02:58,0x02C2A0Ca41D850185fd29D81a1F2F894Ee610B3f,,0xc2d2b7fFa11Ea4DA2484759ee93d8DB157E8F0c1,,0 BNB,$0.00,0.000338
0x45d5488b55e923443f93a39402d3abb384591aa3459721e1a9987cff9efc61ac,Success,Grant Access,67015829,07/05/2026 23:06,0x02C2A0Ca41D850185fd29D81a1F2F894Ee610B3f,,0xc2d2b7fFa11Ea4DA2484759ee93d8DB157E8F0c1,,0 BNB,$0.00,0.000334
0x9a88d39b62219525ef6baffda4befe8757a9c5c3002d105ff5f43b8f54fdff6b,Success,Operate Device,67015793,07/05/2026 15:32,0x02C2A0Ca41D850185fd29D81a1F2F894Ee610B3f,,0xc2d2b7fFa11Ea4DA2484759ee93d8DB157E8F0c1,,0 BNB,$0.00,0.000213
0x77d44c238dbe71a6d46ded2f97aae754ca15ddb8380f420cae52dfc85ee2f977,Success,Operate Device,67015746,07/05/2026 07:09,0x02C2A0Ca41D850185fd29D81a1F2F894Ee610B3f,,0xc2d2b7fFa11Ea4DA2484759ee93d8DB157E8F0c1,,0 BNB,$0.00,0.000218
0x8e47f6b8eeb2c9bd6123696272890577e8f8ff36067f8953c9a10fdad6c778b5,Success,Operate Device,67015722,07/05/2026 02:21,0x02C2A0Ca41D850185fd29D81a1F2F894Ee610B3f,,0xc2d2b7fFa11Ea4DA2484759ee93d8DB157E8F0c1,,0 BNB,$0.00,0.000219
0x8a446270d139319f2908aaccc67009076da96c645f2f7a5f04af692904f560d6,Success,Remove Device,67011939,07/04/2026 22:43,0x02C2A0Ca41D850185fd29D81a1F2F894Ee610B3f,,0xc2d2b7fFa11Ea4DA2484759ee93d8DB157E8F0c1,,0 BNB,$0.00,0.000125
0xee5c2619063ed86944bac941145cde9852366a235ae2cc1855994885df63c3b1,Success,Grant Access,67011903,07/04/2026 15:56,0x02C2A0Ca41D850185fd29D81a1F2F894Ee610B3f,,0xc2d2b7fFa11Ea4DA2484759ee93d8DB157E8F0c1,,0 BNB,$0.00,0.00033
0xde4b6913ed429666bc3455d398e394441020847edf37fa5db468e63e2caa1143,Success,Operate Device,67011875,07/04/2026 09:19,0x02C2A0Ca41D850185fd29D81a1F2F894Ee610B3f,,0xc2d2b7fFa11Ea4DA2484759ee93d8DB157E8F0c1,,0 BNB,$0.00,0.000215
0x357a4554659e2dd1e146103836f470455af06f4fff3443ad3077e03c309a3a14,Success,Revoke Access,67011852,07/04/2026 03:44,0x02C2A0Ca41D850185fd29D81a1F2F894Ee610B3f,,0xc2d2b7fFa11Ea4DA2484759ee93d8DB157E8F0c1,,0 BNB,$0.00,0.000122
0xc36bbc5e10e30015549833db00045adc3ecbf86aaa0981f5fc69b7aacca30938,Success,Revoke Access,67008057,07/03/2026 18:28,0x02C2A0Ca41D850185fd29D81a1F2F894Ee610B3f,,0xc2d2b7fFa11Ea4DA2484759ee93d8DB157E8F0c1,,0 BNB,$0.00,0.000125
0xf790a7b1f97499cd6cf60882327bf18c722bf977d3540f2679980b042cfb5bb9,Success,Operate Device,67008026,07/03/2026 15:39,0x02C2A0Ca41D850185fd29D81a1F2F894Ee610B3f,,0xc2d2b7fFa11Ea4DA2484759ee93d8DB157E8F0c1,,0 BNB,$0.00,0.000219
0xb2202b5202bac0b9a1f7b31f2932033d110e66ecad7cdf96fd6f4a9e074fa28b,Success,Operate Device,67007995,07/03/2026 08:38,0x02C2A0Ca41D850185fd29D81a1F2F894Ee610B3f,,0xc2d2b7fFa11Ea4DA2484759ee93d8DB157E8F0c1,,0 BNB,$0.00,0.000214
0x8ece6be226f47165642cd3f02096295cd0d3e50a9b0567e3b0d07839d0562b05,Success,Operate Device,67007971,07/03/2026 05:44,0x02C2A0Ca41D850185fd29D81a1F2F894Ee610B3f,,0xc2d2b7fFa11Ea4DA2484759ee93d8DB157E8F0c1,,0 BNB,$0.00,0.000217
0x44c5fce56fd1c4e536e40739d75652d14ca65caf568c1b34d5393a0c8936c846,Success,Operate Device,67007955,07/03/2026 01:26,0x02C2A0Ca41D850185fd29D81a1F2F894Ee610B3f,,0xc2d2b7fFa11Ea4DA2484759ee93d8DB157E8F0c1,,0 BNB,$0.00,0.000214
0x25e7dc066710f72b0efba143afa9ceec56be7231c9a0cbc715cb39004a3dee14,Success,Operate Device,67004473,07/02/2026 23:13,0x02C2A0Ca41D850185fd29D81a1F2F894Ee610B3f,,0xc2d2b7fFa11Ea4DA2484759ee93d8DB157E8F0c1,,0 BNB,$0.00,0.000214
0x5b6eb4fc35aca1892f8b048a906be4a8976910a7677711a9cc83f02e4c27be47,Success,Operate Device,67004449,07/02/2026 18:15,0x02C2A0Ca41D850185fd29D81a1F2F894Ee610B3f,,0xc2d2b7fFa11Ea4DA2484759ee93d8DB157E8F0c1,,0 BNB,$0.00,0.000219
0xee6f2468fad41ce5b9302cb2648ff69b8188498acbd7ed1f6178f6c5882fbb5a,Success,Define Device,67004404,07/02/2026 13:25,0x02C2A0Ca41D850185fd29D81a1F2F894Ee610B3f,,0xc2d2b7fFa11Ea4DA2484759ee93d8DB157E8F0c1,,0 BNB,$0.00,0.000446
0xe3bcf576c994598b4059c308d1d7fa3c6775fad032d8ffc972d7e88fc19269e0,Success,Operate Device,67004362,07/02/2026 09:25,0x02C2A0Ca41D850185fd29D81a1F2F894Ee610B3f,,0xc2d2b7fFa11Ea4DA2484759ee93d8DB157E8F0c1,,0 BNB,$0.00,0.000214
0x771c8c0aa69d0c4f13f7769474e3d027e009214a82b8f5b7c5558acc5a7c70fe,Success,Operate Device,67004327,07/02/2026 02:18,0x02C2A0Ca41D850185fd29D81a1F2F894Ee610B3f,,0xc2d2b7fFa11Ea4DA2484759ee93d8DB157E8F0c1,,0 BNB,$0.00,0.000218
0x8d32bad87bf6056597952090684a829903057da118ced355b525c5f70f8bd7bb,Success,Define Device,67000797,07/01/2026 21:27,0x02C2A0Ca41D850185fd29D81a1F2F894Ee610B3f,,0xc2d2b7fFa11Ea4DA2484759ee93d8DB157E8F0c1,,0 BNB,$0.00,0.00044
0x2ed0dfaeef6cfdfbdc761cc713b88f69b29b2837a2871a68fccba9c3d04ce20d,Success,Operate Device,67000752,07/01/2026 18:14,0x02C2A0Ca41D850185fd29D81a1F2F894Ee610B3f,,0xc2d2b7fFa11Ea4DA2484759ee93d8DB157E8F0c1,,0 BNB,$0.00,0.000218
0xb93e49466bdf1f137054808ed08b83ce33feb46110bcfe02fcd01a4347ad71be,Success,Define Device,67000706,07/01/2026 11:50,0x02C2A0Ca41D850185fd29D81a1F2F894Ee610B3f,,0xc2d2b7fFa11Ea4DA2484759ee93d8DB157E8F0c1,,0 BNB,$0.00,0.000447
0x3868cf699c74a9a7408b99bdb2ead3a8b275ce77849a43b15651c2bdadf3a41c,Success,Grant Access,67000692,07/01/2026 05:48,0x02C2A0Ca41D850185fd29D81a1F2F894Ee610B3f,,0xc2d2b7fFa11Ea4DA2484759ee93d8DB157E8F0c1,,0 BNB,$0.00,0.000337
0xb92b286fae823cfc6895f42539d2d131649720f041066dec8ca6bc6c4a4eed29,Success,Operate Device,67015703,06/05/2026 20:15,0x02C2A0Ca41D850185fd29D81a1F2F894Ee610B3f,,0xc2d2b7fFa11Ea4DA2484759ee93d8DB157E8F0c1,,0 BNB,$0.00,0.000217
0x297a8fc67659dbffb1befb0d8d46f43d683815c5c684072c382bd176914d0fec,Success,Revoke Access,67015687,06/05/2026 15:52,0x02C2A0Ca41D850185fd29D81a1F2F894Ee610B3f,,0xc2d2b7fFa11Ea4DA2484759ee93d8DB157E8F0c1,,0 BNB,$0.00,0.000126
0x2221d9e7a5be426e761f22ce82ef97c6b93c1b63a5d2c89c5bbd5ef9e22df0ca,Success,Operate Device,67015671,06/05/2026 08:04,0x02C2A0Ca41D850185fd29D81a1F2F894Ee610B3f,,0xc2d2b7fFa11Ea4DA2484759ee93d8DB157E8F0c1,,0 BNB,$0.00,0.000215
0xd0bde1320ade3e699a23c7adfd97be665f44d8b7b21b64c7bf553f5a6a0895e1,Success,Operate Device,67015632,06/05/2026 01:32,0x02C2A0Ca41D850185fd29D81a1F2F894Ee610B3f,,0xc2d2b7fFa11Ea4DA2484759ee93d8DB157E8F0c1,,0 BNB,$0.00,0.000215
0x7aa663af99e771a958d5d4180c1c53c70da770b7bf0cf75c2a00638dccfec3fc,Success,Operate Device,67011813,06/04/2026 23:24,0x02C2A0Ca41D850185fd29D81a1F2F894Ee610B3f,,0xc2d2b7fFa11Ea4DA2484759ee93d8DB157E8F0c1,,0 BNB,$0.00,0.000217
0xb2e0c7a3c053531ba39ad947418d77ede523de472717015fca56c535661e0bb5,Success,Operate Device,67011771,06/04/2026 19:54,0x02C2A0Ca41D850185fd29D81a1F2F894Ee610B3f,,0xc2d2b7fFa11Ea4DA2484759ee93d8DB157E8F0c1,,0 BNB,$0.00,0.000215
0xc2db14254a94c89644ceaea90df39bca8f44ee85638dd86a8ff2fe7bc6d0e8bd,Success,Operate Device,67011754,06/04/2026 14:05,0x02C2A0Ca41D850185fd29D81a1F2F894Ee610B3f,,0xc2d2b7fFa11Ea4DA2484759ee93d8DB157E8F0c1,,0 BNB,$0.00,0.000218
0xb02bd7aad46798030ccc87a103475da301a469d82a4573c57da022a0dd91a39a,Success,Operate Device,67011710,06/04/2026 06:40,0x02C2A0Ca41D850185fd29D81a1F2F894Ee610B3f,,0xc2d2b7fFa11Ea4DA2484759ee93d8DB157E8F0c1,,0 BNB,$0.00,0.000215
0xecd2954a76559452e781431637e6c86855f176f13be678f1f3d1c00b5a9bdb28,Success,Operate Device,67011687,06/04/2026 00:28,0x02C2A0Ca41D850185fd29D81a1F2F894Ee610B3f,,0xc2d2b7fFa11Ea4DA2484759ee93d8DB157E8F0c1,,0 BNB,$0.00,0.000216
0x642ef3ae1068785d5b0e1c2cbfd706d750ec83093f1af38baca74464f2c95496,Success,Grant Access,67007912,06/03/2026 18:39,0x02C2A0Ca41D850185fd29D81a1F2F894Ee610B3f,,0xc2d2b7fFa11Ea4DA2484759ee93d8DB157E8F0c1,,0 BNB,$0.00,0.000334
0x7f5c8150ba4aabf38187bf89a35ea27694f4e02350fda80b6e3dbed025783189,Success,Operate Device,67007879,06/03/2026 11:45,0x02C2A0Ca41D850185fd29D81a1F2F894Ee610B3f,,0xc2d2b7fFa11Ea4DA2484759ee93d8DB157E8F0c1,,0 BNB,$0.00,0.000218
0xc07271d184180b2198e7d8abfb1714d844131ab3c52f1a7c28833d0c09264d07,Success,Define Device,67007864,06/03/2026 07:36,0x02C2A0Ca41D850185fd29D81a1F2F894Ee610B3f,,0xc2d2b7fFa11Ea4DA2484759ee93d8DB157E8F0c1,,0 BNB,$0.00,0.000442
0xbc5d47bfe22a43c7b596ff4413bad3ab9bb8f05d911e19f1ddbc18632714aa31,Success,Add Super Admin,67007838,06/03/2026 01:18,0x02C2A0Ca41D850185fd29D81a1F2F894Ee610B3f,,0xc2d2b7fFa11Ea4DA2484759ee93d8DB157E8F0c1,,0 BNB,$0.00,0.000261
0x644ac36def160626dc32423b88776aa7bad5f74093b10fa0c0a6d58a8f23c882,Success,Define Device,67004313,06/02/2026 18:50,0x02C2A0Ca41D850185fd29D81a1F2F894Ee610B3f,,0xc2d2b7fFa11Ea4DA2484759ee93d8DB157E8F0c1,,0 BNB,$0.00,0.000448
0x91bbba3f5125c228eaa35480722393b186d068e95d940f0fe53d74e180d6ceea,Success,Operate Device,67004284,06/02/2026 11:43,0x02C2A0Ca41D850185fd29D81a1F2F894Ee610B3f,,0xc2d2b7fFa11Ea4DA2484759ee93d8DB157E8F0c1,,0 BNB,$0.00,0.000219
0x9a6bf21b7a5f3cdbd9c457d259d50911ed5ef527b9963467bc66a6761c7d868b,Success,Operate Device,67004244,06/02/2026 08:17,0x02C2A0Ca41D850185fd29D81a1F2F894Ee610B3f,,0xc2d2b7fFa11Ea4DA2484759ee93d8DB157E8F0c1,,0 BNB,$0.00,0.000218
0x9ec962c3c5b4039236043b5da2004440f630f6164afaf6816719ab6064752bb1,Success,Operate Device,67004232,06/02/2026 00:27,0x02C2A0Ca41D850185fd29D81a1F2F894Ee610B3f,,0xc2d2b7fFa11Ea4DA2484759ee93d8DB157E8F0c1,,0 BNB,$0.00,0.000217
0xb0b3278b0a8a4b2dd0c51a4c22d407d8109b64682240e70ce15956c1b912c11a,Success,Revoke Access,67000677,06/01/2026 23:46,0x02C2A0Ca41D850185fd29D81a1F2F894Ee610B3f,,0xc2d2b7fFa11Ea4DA2484759ee93d8DB157E8F0c1,,0 BNB,$0.00,0.000123
0xc2e1d1e807f47550654dd72e8ae9965661eac77fb1228d1cf2d6ee29ee2411f7,Success,Operate Device,67000635,06/01/2026 18:40,0x02C2A0Ca41D850185fd29D81a1F2F894Ee610B3f,,0xc2d2b7fFa11Ea4DA2484759ee93d8DB157E8F0c1,,0 BNB,$0.00,0.000216
0x61cd05fa75a91352c3c86dca72c629a9e360983f53bfc8accbf5bf0512854e78,Success,Operate Device,67000603,06/01/2026 14:22,0x02C2A0Ca41D850185fd29D81a1F2F894Ee610B3f,,0xc2d2b7fFa11Ea4DA2484759ee93d8DB157E8F0c1,,0 BNB,$0.00,0.000216
0x6efbc598042dc90e89e795ccf0c0775dcee1f4e3fdff58e7845fb2d8d1069cfe,Success,Operate Device,67000591,06/01/2026 09:46,0x02C2A0Ca41D850185fd29D81a1F2F894Ee610B3f,,0xc2d2b7fFa11Ea4DA2484759ee93d8DB157E8F0c1,,0 BNB,$0.00,0.000215
0xce1f3aa75b936cbd4284dcc852568fd8a669f51542f212ffb9e5890cb5a118b2,Success,Operate Device,67000579,06/01/2026 01:48,0x02C2A0Ca41D850185fd29D81a1F2F894Ee610B3f,,0xc2d2b7fFa11Ea4DA2484759ee93d8DB157E8F0c1,,0 BNB,$0.00,0.000219
0xccf64da64567954a1becacd830ecef3b675f71b60482e986cceac0305c675199,Success,Operate Device,67015586,05/05/2026 19:07,0x02C2A0Ca41D850185fd29D81a1F2F894Ee610B3f,,0xc2d2b7fFa11Ea4DA2484759ee93d8DB157E8F0c1,,0 BNB,$0.00,0.000214
0xc0aaf75d188f936dbf7e42c33296f08e600e28c4e7b333ffccb49609ea03c879,Success,Operate Device,67015537,05/05/2026 13:05,0x02C2A0Ca41D850185fd29D81a1F2F894Ee610B3f,,0xc2d2b7fFa11Ea4DA2484759ee93d8DB157E8F0c1,,0 BNB,$0.00,0.000217
0xa94ffae79980c927ef83d57bb6058cacab4278f421a312b901e38fe62013cdfa,Success,Operate Device,67015522,05/05/2026 06:59,0x02C2A0Ca41D850185fd29D81a1F2F894Ee610B3f,,0xc2d2b7fFa11Ea4DA2484759ee93d8DB157E8F0c1,,0 BNB,$0.00,0.000215
0x4accd75820d404bcd821484597b26edb0e18375f8434af172a4864ab025fa60b,Success,Operate Device,67015478,05/05/2026 03:43,0x02C2A0Ca41D850185fd29D81a1F2F894Ee610B3f,,0xc2d2b7fFa11Ea4DA2484759ee93d8DB157E8F0c1,,0 BNB,$0.00,0.000216
0x973b97d247c99bfcbe61f7161318ba983f1cdee7ff5e8a248915578ae59fcca9,Success,Operate Device,67011658,05/04/2026 19:11,0x02C2A0Ca41D850185fd29D81a1F2F894Ee610B3f,,0xc2d2b7fFa11Ea4DA2484759ee93d8DB157E8F0c1,,0 BNB,$0.00,0.000215
0x85d9c202964eeec42e73ff1173e01b678e5c0657f5da943f6623acd907350801,Success,Operate Device,67011642,05/04/2026 11:28,0x02C2A0Ca41D850185fd29D81a1F2F894Ee610B3f,,0xc2d2b7fFa11Ea4DA2484759ee93d8DB157E8F0c1,,0 BNB,$0.00,0.000213
0x15b3075de672add801ecf3656363eb6469be5deb18c838651215f5e8f060adb6,Success,Operate Device,67011618,05/04/2026 03:16,0x02C2A0Ca41D850185fd29D81a1F2F894Ee610B3f,,0xc2d2b7fFa11Ea4DA2484759ee93d8DB157E8F0c1,,0 BNB,$0.00,0.000219
0xc8f0cdcf2b98829187ff89d106128f30684151e58d72dffc7176bc4efd9444ee,Success,Operate Device,67011602,05/04/2026 00:06,0x02C2A0Ca41D850185fd29D81a1F2F894Ee610B3f,,0xc2d2b7fFa11Ea4DA2484759ee93d8DB157E8F0c1,,0 BNB,$0.00,0.000215
0x944cf07e1455f992fc67f472d58908a9035198dcffccd797bd2f2b1d913895f3,Success,Operate Device,67007810,05/03/2026 17:49,0x02C2A0Ca41D850185fd29D81a1F2F894Ee610B3f,,0xc2d2b7fFa11Ea4DA2484759ee93d8DB157E8F0c1,,0 BNB,$0.00,0.000218
0x05934adaba6832e9dc2db44f41f6fbb7a42a714c961956a2284a2d747a5e15b7,Success,Operate Device,67007763,05/03/2026 10:10,0x02C2A0Ca41D850185fd29D81a1F2F894Ee610B3f,,0xc2d2b7fFa11Ea4DA2484759ee93d8DB157E8F0c1,,0 BNB,$0.00,0.000216
0x9463e315fd1d593023b1e0399d23ddae15eca47f534af96ab2d0558ea5b1f83c,Success,Remove Device,67007734,05/03/2026 05:07,0x02C2A0Ca41D850185fd29D81a1F2F894Ee610B3f,,0xc2d2b7fFa11Ea4DA2484759ee93d8DB157E8F0c1,,0 BNB,$0.00,0.000123
0x093ea0a5c3eb2b963e61f8072cca9ece2829b04688ebfcfb65b6354b1b73bf82,Success,Operate Device,67004211,05/02/2026 17:55,0x02C2A0Ca41D850185fd29D81a1F2F894Ee610B3f,,0xc2d2b7fFa11Ea4DA2484759ee93d8DB157E8F0c1,,0 BNB,$0.00,0.00022
0xae6fbed9de3a2b1c3fdedabc523175fb05a041228ebbb584cf0d03d15590e5f4,Success,Grant Access,67004199,05/02/2026 11:52,0x02C2A0Ca41D850185fd29D81a1F2F894Ee610B3f,,0xc2d2b7fFa11Ea4DA2484759ee93d8DB157E8F0c1,,0 BNB,$0.00,0.000331
0x67af93b06efefc7b864bb428a9ca54f3d9f3a45a2bc1d307be598fab964be90c,Success,Operate Device,67004167,05/02/2026 06:04,0x02C2A0Ca41D850185fd29D81a1F2F894Ee610B3f,,0xc2d2b7fFa11Ea4DA2484759ee93d8DB157E8F0c1,,0 BNB,$0.00,0.000218
0x5073ec043f4304621baea3036f1114fff4ec53f24af6630a7e965dc8d2b48466,Success,Operate Device,67004150,05/02/2026 02:13,0x02C2A0Ca41D850185fd29D81a1F2F894Ee610B3f,,0xc2d2b7fFa11Ea4DA2484759ee93d8DB157E8F0c1,,0 BNB,$0.00,0.000212
0xca3503c79b648772832d2ee706bb4b6e25c71499885d5fae24cf2a7de0e5449f,Success,Add Super Admin,67000557,05/01/2026 20:08,0x02C2A0Ca41D850185fd29D81a1F2F894Ee610B3f,,0xc2d2b7fFa11Ea4DA2484759ee93d8DB157E8F0c1,,0 BNB,$0.00,0.00026
0x03e4917e0e7a98bdc25507b496d6f6e33c4e82b2b94a673ad66bff3a5e622f93,Success,Operate Device,67000541,05/01/2026 15:35,0x02C2A0Ca41D850185fd29D81a1F2F894Ee610B3f,,0xc2d2b7fFa11Ea4DA2484759ee93d8DB157E8F0c1,,0 BNB,$0.00,0.00022
0x44e968e2187613785e61531c3c30693920d05c097063e6ab1610c7936c3524d1,Success,Operate Device,67000530,05/01/2026 08:55,0x02C2A0Ca41D850185fd29D81a1F2F894Ee610B3f,,0xc2d2b7fFa11Ea4DA2484759ee93d8DB157E8F0c1,,0 BNB,$0.00,0.000217
0x77f4894d0074705b83517ed21700348fcbf288a4ab3de692264268281a02daf2,Success,Operate Device,67000492,05/01/2026 05:31,0x02C2A0Ca41D850185fd29D81a1F2F894Ee610B3f,,0xc2d2b7fFa11Ea4DA2484759ee93d8DB157E8F0c1,,0 BNB,$0.00,0.000213
0x2e8df36bc3373a499ba166737c39eb4f5507f78f2e1a433a70d455f4c534e72d,Success,Remove Device,67000472,05/01/2026 01:37,0x02C2A0Ca41D850185fd29D81a1F2F894Ee610B3f,,0xc2d2b7fFa11Ea4DA2484759ee93d8DB157E8F0c1,,0 BNB,$0.00,0.000125
0x415ee717aefbd5e0ef52c0cc5ab745e1d999e72da793bea8ed0b7afbcfda9497,Success,Operate Device,67015455,04/05/2026 22:36,0x02C2A0Ca41D850185fd29D81a1F2F894Ee610B3f,,0xc2d2b7fFa11Ea4DA2484759ee93d8DB157E8F0c1,,0 BNB,$0.00,0.000215
0x323f285f9e872b098c22dc9ef852b2619f2a2963e409ba6065c106b7162aa268,Success,Grant Access,67015442,04/05/2026 15:27,0x02C2A0Ca41D850185fd29D81a1F2F894Ee610B3f,,0xc2d2b7fFa11Ea4DA2484759ee93d8DB157E8F0c1,,0 BNB,$0.00,0.000339
0x3b0ece122496ad19d616b4e3c141e07e80df0899a80fb144f699f9ec15fa422c,Success,Operate Device,67015402,04/05/2026 11:16,0x02C2A0Ca41D850185fd29D81a1F2F894Ee610B3f,,0xc2d2b7fFa11Ea4DA2484759ee93d8DB157E8F0c1,,0 BNB,$0.00,0.00022
0x3ff09ceef395d576339b67e5d009137008b1969efa43d63054f3d546452d5a12,Success,Revoke Access,67015358,04/05/2026 06:57,0x02C2A0Ca41D850185fd29D81a1F2F894Ee610B3f,,0xc2d2b7fFa11Ea4DA2484759ee93d8DB157E8F0c1,,0 BNB,$0.00,0.000122
0x62db159b3bd0401e4ea21eb0dfaa9d6f126f08b06ec05673085fd810eeb6fa85,Success,Operate Device,67011576,04/04/2026 20:53,0x02C2A0Ca41D850185fd29D81a1F2F894Ee610B3f,,0xc2d2b7fFa11Ea4DA2484759ee93d8DB157E8F0c1,,0 BNB,$0.00,0.000218
0x30203208c4fd5302fb7a88feff2fc8ccf0c070c1b88b90b4682e0fc603a74aa0,Success,Operate Device,67011550,04/04/2026 17:03,0x02C2A0Ca41D850185fd29D81a1F2F894Ee610B3f,,0xc2d2b7fFa11Ea4DA2484759ee93d8DB157E8F0c1,,0 BNB,$0.00,0.000219
0xc8e6e3ce858dfea43832975bebda1fdd0f66f948ee5e8654eaaafacfb3e0b023,Success,Operate Device,67011516,04/04/2026 11:15,0x02C2A0Ca41D850185fd29D81a1F2F894Ee610B3f,,0xc2d2b7fFa11Ea4DA2484759ee93d8DB157E8F0c1,,0 BNB,$0.00,0.000219
0x8840061ae23d337115b0ac59aa46c5c7454f2edf6e35b03e2dbb5cac5d0a057d,Success,Operate Device,67011484,04/04/2026 04:52,0x02C2A0Ca41D850185fd29D81a1F2F894Ee610B3f,,0xc2d2b7fFa11Ea4DA2484759ee93d8DB157E8F0c1,,0 BNB,$0.00,0.000219
0xb1f40915ae5311fd039bd5c2ab8e9c24b0d96137c160c4faaeb9ee5251932813,Success,Operate Device,67011435,04/04/2026 00:01,0x02C2A0Ca41D850185fd29D81a1F2F894Ee610B3f,,0xc2d2b7fFa11Ea4DA2484759ee93d8DB157E8F0c1,,0 BNB,$0.00,0.000215
0x4501ecdacce790b25c5e87c92cb1ccfbc7513df044606431811991f0875d72fc,Success,Operate Device,67007711,04/03/2026 23:00,0x02C2A0Ca41D850185fd29D81a1F2F894Ee610B3f,,0xc2d2b7fFa11Ea4DA2484759ee93d8DB157E8F0c1,,0 BNB,$0.00,0.000212
0x3f952489e54b5aee0c58a5a15c2aed33c4faea314dd5cd88b3f6cc53ed6923c8,Success,Operate Device,67007669,04/03/2026 18:15,0x02C2A0Ca41D850185fd29D81a1F2F894Ee610B3f,,0xc2d2b7fFa11Ea4DA2484759ee93d8DB157E8F0c1,,0 BNB,$0.00,0.000216
0x8961d1e5d30693fd14007185a7e9c833bd5056e55a9ce64f2537ffc72237f394,Success,Operate Device,67007621,04/03/2026 14:47,0x02C2A0Ca41D850185fd29D81a1F2F894Ee610B3f,,0xc2d2b7fFa11Ea4DA2484759ee93d8DB157E8F0c1,,0 BNB,$0.00,0.000215
0xbcb58b19f30eb7b295e4c37999c0282bb55d38e10a8e691296ddc19ea1208668,Success,Operate Device,67007604,04/03/2026 08:00,0x02C2A0Ca41D850185fd29D81a1F2F894Ee610B3f,,0xc2d2b7fFa11Ea4DA2484759ee93d8DB157E8F0c1,,0 BNB,$0.00,0.000219
0xdcee6fce045ea103d147a50b77c770afa361bbf02506c12d9f545480c56d74d6,Success,Add Super Admin,67007559,04/03/2026 01:56,0x02C2A0Ca41D850185fd29D81a1F2F894Ee610B3f,,0xc2d2b7fFa11Ea4DA2484759ee93d8DB157E8F0c1,,0 BNB,$0.00,0.000269
0xe68c3c67d32a1397e926f7f4b9a9cc75327e5c44e0884eadccfe3058382858f5,Success,Operate Device,67004137,04/02/2026 20:00,0x02C2A0Ca41D850185fd29D81a1F2F894Ee610B3f,,0xc2d2b7fFa11Ea4DA2484759ee93d8DB157E8F0c1,,0 BNB,$0.00,0.000216
0xe0d1bb90c13a194053ad8862813a4bb383b5e8b8ea87a050d35f69021606fc45,Success,Operate Device,67004119,04/02/2026 16:39,0x02C2A0Ca41D850185fd29D81a1F2F894Ee610B3f,,0xc2d2b7fFa11Ea4DA2484759ee93d8DB157E8F0c1,,0 BNB,$0.00,0.000212
0x66c5c82a113cb72bf699676f4790d045dc4791492c3ba044a843100f374f3a6d,Success,Operate Device,67004098,04/02/2026 09:52,0x02C2A0Ca41D850185fd29D81a1F2F894Ee610B3f,,0xc2d2b7fFa11Ea4DA2484759ee93d8DB157E8F0c1,,0 BNB,$0.00,0.000219
0xd09daa497d547e5d046b041b896942a53165dc88699d90ea905adde05011adf5,Success,Operate Device,67004064,04/02/2026 04:34,0x02C2A0Ca41D850185fd29D81a1F2F894Ee610B3f,,0xc2d2b7fFa11Ea4DA2484759ee93d8DB157E8F0c1,,0 BNB,$0.00,0.000214
0xb9e40edc6738aa6814aabf4a954deeda54842b87eb4597ab5bbb3cbef70fc38d,Success,Add Super Admin,67000427,04/01/2026 17:50,0x02C2A0Ca41D850185fd29D81a1F2F894Ee610B3f,,0xc2d2b7fFa11Ea4DA2484759ee93d8DB157E8F0c1,,0 BNB,$0.00,0.000263
0xe5e7051e74690684c33219ea13d3ec0db77162dad7d7d1c17e5f41191589e966,Success,Operate Device,67000407,04/01/2026 11:00,0x02C2A0Ca41D850185fd29D81a1F2F894Ee610B3f,,0xc2d2b7fFa11Ea4DA2484759ee93d8DB157E8F0c1,,0 BNB,$0.00,0.000216
0xe6b6ccb0057c1f4b3b3fd56031a1101dfd3f8ee50e0601cf39f65667438ac347,Success,Operate Device,67000357,04/01/2026 05:46,0x02C2A0Ca41D850185fd29D81a1F2F894Ee610B3f,,0xc2d2b7fFa11Ea4DA2484759ee93d8DB157E8F0c1,,0 BNB,$0.00,0.000217
0x28d596442af599fc8b9f945fb12822d34cb14e0e464760fbda6f70310c454999,Success,Operate Device,67015334,03/05/2026 22:43,0x02C2A0Ca41D850185fd29D81a1F2F894Ee610B3f,,0xc2d2b7fFa11Ea4DA2484759ee93d8DB157E8F0c1,,0 BNB,$0.00,0.000214
0x52c9e4a4f1306864672b649c05f20243d348b8ac267740bb4726e820e35f610f,Success,Operate Device,67015284,03/05/2026 19:03,0x02C2A0Ca41D850185fd29D81a1F2F894Ee610B3f,,0xc2d2b7fFa11Ea4DA2484759ee93d8DB157E8F0c1,,0 BNB,$0.00,0.000213
0x38399131f43cd69395a348458a16a78399261417b77f0182e243c0ca36f58ef1,Success,Operate Device,67015264,03/05/2026 16:06,0x02C2A0Ca41D850185fd29D81a1F2F894Ee610B3f,,0xc2d2b7fFa11Ea4DA2484759ee93d8DB157E8F0c1,,0 BNB,$0.00,0.000217
0x1a065944bbfc1be3560dea0cd59b16c38bd87e19b5351113618bb6d50512df2c,Success,Operate Device,67015250,03/05/2026 08:31,0x02C2A0Ca41D850185fd29D81a1F2F894Ee610B3f,,0xc2d2b7fFa11Ea4DA2484759ee93d8DB157E8F0c1,,0 BNB,$0.00,0.000217
0x84f79bd1500b139b087e9c67fb6384f120c3e4044139d3d41979d2771c3ee538,Success,Operate Device,67015209,03/05/2026 00:43,0x02C2A0Ca41D850185fd29D81a1F2F894Ee610B3f,,0xc2d2b7fFa11Ea4DA2484759ee93d8DB157E8F0c1,,0 BNB,$0.00,0.000219
0x4c0bb8b4d60e06336b7508f8ec5dd7dc8d14549333b3904b61cb104fe386215a,Success,Operate Device,67011387,03/04/2026 17:55,0x02C2A0Ca41D850185fd29D81a1F2F894Ee610B3f,,0xc2d2b7fFa11Ea4DA2484759ee93d8DB157E8F0c1,,0 BNB,$0.00,0.000219
0xf92a9fd079a002011dd735962d9d8702d4590d4e25ec290f1b6bccd76e415288,Success,Operate Device,67011355,03/04/2026 15:00,0x02C2A0Ca41D850185fd29D81a1F2F894Ee610B3f,,0xc2d2b7fFa11Ea4DA2484759ee93d8DB157E8F0c1,,0 BNB,$0.00,0.000215
0xdd3924610e6165aac2db2164e04effc1cbef29185915bf2d39305062f5136a24,Success,Operate Device,67011305,03/04/2026 09:31,0x02C2A0Ca41D850185fd29D81a1F2F894Ee610B3f,,0xc2d2b7fFa11Ea4DA2484759ee93d8DB157E8F0c1,,0 BNB,$0.00,0.000213
0xf079f071b9090a8f35ffb92026284053f93169b963e411d3c7cb3c32c3b08cf4,Success,Grant Access,67011286,03/04/2026 05:44,0x02C2A0Ca41D850185fd29D81a1F2F894Ee610B3f,,0xc2d2b7fFa11Ea4DA2484759ee93d8DB157E8F0c1,,0 BNB,$0.00,0.000331
0x6347179341e6d9982b0b96808caac33343b38fec98927f09fc940c4e018cb2cc,Success,Add Super Admin,67011264,03/04/2026 01:08,0x02C2A0Ca41D850185fd29D81a1F2F894Ee610B3f,,0xc2d2b7fFa11Ea4DA2484759ee93d8DB157E8F0c1,,0 BNB,$0.00,0.000266
0xb030100e32658312b7f633ecc0fb8800627076891578e22bebacbb14612e9ea3,Success,Operate Device,67007513,03/03/2026 22:24,0x02C2A0Ca41D850185fd29D81a1F2F894Ee610B3f,,0xc2d2b7fFa11Ea4DA2484759ee93d8DB157E8F0c1,,0 BNB,$0.00,0.000213
0x749c92093f22a0144a9bfdd1f6e3d7776de6868055abd19e729b8d6592f9546c,Success,Grant Access,67007473,03/03/2026 14:16,0x02C2A0Ca41D850185fd29D81a1F2F894Ee610B3f,,0xc2d2b7fFa11Ea4DA2484759ee93d8DB157E8F0c1,,0 BNB,$0.00,0.000337
0xd19746272777c174b4c17b894aa06868112d505815a3b230689e05e379025231,Success,Operate Device,67007435,03/03/2026 07:41,0x02C2A0Ca41D850185fd29D81a1F2F894Ee610B3f,,0xc2d2b7fFa11Ea4DA2484759ee93d8DB157E8F0c1,,0 BNB,$0.00,0.000214
0x8bb9f4250a1777e3803930f213e58833bce987706c62166024038db685dc9785,Success,Operate Device,67004037,03/02/2026 23:14,0x02C2A0Ca41D850185fd29D81a1F2F894Ee610B3f,,0xc2d2b7fFa11Ea4DA2484759ee93d8DB157E8F0c1,,0 BNB,$0.00,0.000214
0x06990a62b7f780a34286ddd7610183b537fc4c615684645c192e1f6b01a2e820,Success,Operate Device,67004027,03/02/2026 18:36,0x02C2A0Ca41D850185fd29D81a1F2F894Ee610B3f,,0xc2d2b7fFa11Ea4DA2484759ee93d8DB157E8F0c1,,0 BNB,$0.00,0.000213
0x47089fccbc3d0bad261f96e12546e82b83c620646594d0961f15ff60da3c8cb2,Success,Grant Access,67003990,03/02/2026 11:47,0x02C2A0Ca41D850185fd29D81a1F2F894Ee610B3f,,0xc2d2b7fFa11Ea4DA2484759ee93d8DB157E8F0c1,,0 BNB,$0.00,0.000339
0x62f42abc66b9382f3e700adecd2bb4169d1e51b8e09eb2051f1079661709f26a,Success,Operate Device,67003941,03/02/2026 03:40,0x02C2A0Ca41D850185fd29D81a1F2F894Ee610B3f,,0xc2d2b7fFa11Ea4DA2484759ee93d8DB157E8F0c1,,0 BNB,$0.00,0.000213
0x3fe8e1ec597b814670d6662233c7dca43488df77fc3bf0b485ef7dfaea97e264,Success,Remove Device,67000315,03/01/2026 22:35,0x02C2A0Ca41D850185fd29D81a1F2F894Ee610B3f,,0xc2d2b7fFa11Ea4DA2484759ee93d8DB157E8F0c1,,0 BNB,$0.00,0.000123
0x7e1db38ba12c671f255ea55de096809903f59b4e5dfcb223ea0d540cb77aacd2,Success,Operate Device,67000273,03/01/2026 14:30,0x02C2A0Ca41D850185fd29D81a1F2F894Ee610B3f,,0xc2d2b7fFa11Ea4DA2484759ee93d8DB157E8F0c1,,0 BNB,$0.00,0.000215
0x3c7741c6e15bece3fa6afb003329524ef5d5a05338a0165ad929bda8ac9dc90a,Success,Operate Device,67000245,03/01/2026 08:35,0x02C2A0Ca41D850185fd29D81a1F2F894Ee610B3f,,0xc2d2b7fFa11Ea4DA2484759ee93d8DB157E8F0c1,,0 BNB,$0.00,0.000215
0xd53105c14c7c60990f38b198ff5d3e0e05033723581a305e6593c59202cde6ac,Success,Grant Access,67000210,03/01/2026 02:43,0x02C2A0Ca41D850185fd29D81a1F2F894Ee610B3f,,0xc2d2b7fFa11Ea4DA2484759ee93d8DB157E8F0c1,,0 BNB,$0.00,0.000338
0xe75b04bda5503765a4bf5e74219169babfb2f3e786d5bb6525c6a14cf4eb3219,Success,Operate Device,67015171,02/05/2026 21:49,0x02C2A0Ca41D850185fd29D81a1F2F894Ee610B3f,,0xc2d2b7fFa11Ea4DA2484759ee93d8DB157E8F0c1,,0 BNB,$0.00,0.000213
0x198be1949681dbfac505cde67dd01e09f35b73bf94b0a9f2737e30d1ff4aed1c,Success,Remove Device,67015141,02/05/2026 14:47,0x02C2A0Ca41D850185fd29D81a1F2F894Ee610B3f,,0xc2d2b7fFa11Ea4DA2484759ee93d8DB157E8F0c1,,0 BNB,$0.00,0.000124
0xb908243769a7bee431bf868f835f553c1b7b4697dfcc19980b83f1ea7a1a9c8a,Success,Operate Device,67015111,02/05/2026 06:41,0x02C2A0Ca41D850185fd29D81a1F2F894Ee610B3f,,0xc2d2b7fFa11Ea4DA2484759ee93d8DB157E8F0c1,,0 BNB,$0.00,0.000216
0x5d92a86dbae2a32f6d9d29238ed20e493f62cb57084c56e9a272022a0b9f8329,Success,Operate Device,67015097,02/05/2026 00:42,0x02C2A0Ca41D850185fd29D81a1F2F894Ee610B3f,,0xc2d2b7fFa11Ea4DA2484759ee93d8DB157E8F0c1,,0 BNB,$0.00,0.000218
0x2b29f87ae7784bfacf4c0ecfef6959fc49b9d6166aad4f07caf0319a075b6a22,Success,Operate Device,67011231,02/04/2026 17:52,0x02C2A0Ca41D850185fd29D81a1F2F894Ee610B3f,,0xc2d2b7fFa11Ea4DA2484759ee93d8DB157E8F0c1,,0 BNB,$0.00,0.000213
0xfa2814bdc8eb4bea8f892165ab805f8c2e83d088a0eaca75dfbbe5bcc0d06490,Success,Operate Device,67011193,02/04/2026 12:59,0x02C2A0Ca41D850185fd29D81a1F2F894Ee610B3f,,0xc2d2b7fFa11Ea4DA2484759ee93d8DB157E8F0c1,,0 BNB,$0.00,0.00022
0xbd3d42006843727fbaef417fd7baf3c49d5d16f4c609e5beef9be41f17f2c993,Success,Operate Device,67011171,02/04/2026 05:32,0x02C2A0Ca41D850185fd29D81a1F2F894Ee610B3f,,0xc2d2b7fFa11Ea4DA2484759ee93d8DB157E8F0c1,,0 BNB,$0.00,0.00022
0xfda01adc3e288c06dc4cb6090ba6a662a6562307eb38a72a70879219df784a29,Success,Operate Device,67011150,02/04/2026 02:40,0x02C2A0Ca41D850185fd29D81a1F2F894Ee610B3f,,0xc2d2b7fFa11Ea4DA2484759ee93d8DB157E8F0c1,,0 BNB,$0.00,0.000215
0x7123474fda2648499f15d645b7371b1ccc4b05771d9d970496dbc139abb35030,Success,Operate Device,67007390,02/03/2026 23:20,0x02C2A0Ca41D850185fd29D81a1F2F894Ee610B3f,,0xc2d2b7fFa11Ea4DA2484759ee93d8DB157E8F0c1,,0 BNB,$0.00,0.000213
0x5af29dea996238c98b46c211cfc202173c0d705d9fb83bf1b70c9e17ec55668f,Success,Revoke Access,67007375,02/03/2026 17:16,0x02C2A0Ca41D850185fd29D81a1F2F894Ee610B3f,,0xc2d2b7fFa11Ea4DA2484759ee93d8DB157E8F0c1,,0 BNB,$0.00,0.000123
0x667f3530948195e05ed3ee18fb145827f57f1e1fad767865faeaf2a930c3950f,Success,Grant Access,67007325,02/03/2026 10:06,0x02C2A0Ca41D850185fd29D81a1F2F894Ee610B3f,,0xc2d2b7fFa11Ea4DA2484759ee93d8DB157E8F0c1,,0 BNB,$0.00,0.000333
0xb739eb0cf592ae100ca07c7f861f54cc519e980d6cd2abd33371f095f49315e6,Success,Operate Device,67007285,02/03/2026 07:08,0x02C2A0Ca41D850185fd29D81a1F2F894Ee610B3f,,0xc2d2b7fFa11Ea4DA2484759ee93d8DB157E8F0c1,,0 BNB,$0.00,0.000215
0x4d636b2066ad35555cd2218f16492d274dcf4cb2766ba3660e467faeee35a61a,Success,Operate Device,67007244,02/03/2026 04:17,0x02C2A0Ca41D850185fd29D81a1F2F894Ee610B3f,,0xc2d2b7fFa11Ea4DA2484759ee93d8DB157E8F0c1,,0 BNB,$0.00,0.000218
0x90b8396fa100c7b5761e40bdfaaa2ae658246d1428f1569799abcd07e4896174,Success,Operate Device,67003922,02/02/2026 21:22,0x02C2A0Ca41D850185fd29D81a1F2F894Ee610B3f,,0xc2d2b7fFa11Ea4DA2484759ee93d8DB157E8F0c1,,0 BNB,$0.00,0.000212
0x1f46871e14f4aca5f002f5442bdab9236c0d5779fff8f5709e182b55956bde6d,Success,Grant Access,67003901,02/02/2026 16:16,0x02C2A0Ca41D850185fd29D81a1F2F894Ee610B3f,,0xc2d2b7fFa11Ea4DA2484759ee93d8DB157E8F0c1,,0 BNB,$0.00,0.000339
0x56cef63b271ecafc9b9435044803923c5e15f0ac8b0239a1c1ba7983f8e328d2,Success,Remove Device,67003867,02/02/2026 07:59,0x02C2A0Ca41D850185fd29D81a1F2F894Ee610B3f,,0xc2d2b7fFa11Ea4DA2484759ee93d8DB157E8F0c1,,0 BNB,$0.00,0.000126
0xf101c79c293cc55ea26eb14c87ab673489306dd25eb16785fbc3966cf4aa395b,Success,Operate Device,67003857,02/02/2026 00:16,0x02C2A0Ca41D850185fd29D81a1F2F894Ee610B3f,,0xc2d2b7fFa11Ea4DA2484759ee93d8DB157E8F0c1,,0 BNB,$0.00,0.000213
0x8f228b37ba0a2b4e4adfe3c87fc56e54564926690cfdec45a705fcfc69125c03,Success,Operate Device,67000174,02/01/2026 20:21,0x02C2A0Ca41D850185fd29D81a1F2F894Ee610B3f,,0xc2d2b7fFa11Ea4DA2484759ee93d8DB157E8F0c1,,0 BNB,$0.00,0.000216
0x2d537a7797ce2fd4491fd12d22e5b3ce5f245d9a5c63432193fcf87b11cbc82f,Success,Add Super Admin,67000156,02/01/2026 16:54,0x02C2A0Ca41D850185fd29D81a1F2F894Ee610B3f,,0xc2d2b7fFa11Ea4DA2484759ee93d8DB157E8F0c1,,0 BNB,$0.00,0.000269
0x851f9ff05b4e180e9b06ded0997c1383e6f65ee0c18d99b85e2fe1f78a59bb8d,Success,Operate Device,67000114,02/01/2026 09:12,0x02C2A0Ca41D850185fd29D81a1F2F894Ee610B3f,,0xc2d2b7fFa11Ea4DA2484759ee93d8DB157E8F0c1,,0 BNB,$0.00,0.000217
0xd92689306ef289ebb99ae5af403da15d51d896734671a1c6e06320f8c271d6b8,Success,Operate Device,67000066,02/01/2026 04:19,0x02C2A0Ca41D850185fd29D81a1F2F894Ee610B3f,,0xc2d2b7fFa11Ea4DA2484759ee93d8DB157E8F0c1,,0 BNB,$0.00,0.000213
0x5ff44fcd5eabf17c87cd16fde0eda322ee023881f1f8be165ceb115011af4b83,Success,Operate Device,67015065,01/05/2026 20:28,0x02C2A0Ca41D850185fd29D81a1F2F894Ee610B3f,,0xc2d2b7fFa11Ea4DA2484759ee93d8DB157E8F0c1,,0 BNB,$0.00,0.00022
0xf9346a01d370ccd1c9a39e133baad996abc2320dcea9a72a5ee95bfbb803160c,Success,Revoke Access,67015036,01/05/2026 16:03,0x02C2A0Ca41D850185fd29D81a1F2F894Ee610B3f,,0xc2d2b7fFa11Ea4DA2484759ee93d8DB157E8F0c1,,0 BNB,$0.00,0.000123
0xee279a353526208a0717c1d49d37e19568a1af50ec62ffa8b2f6d978047561cf,Success,Revoke Access,67015004,01/05/2026 09:05,0x02C2A0Ca41D850185fd29D81a1F2F894Ee610B3f,,0xc2d2b7fFa11Ea4DA2484759ee93d8DB157E8F0c1,,0 BNB,$0.00,0.000125
0x1364d23ae7f077e11b6cfb5f1bbbc9b8d18193a6d01756cfc01f374ec1ae4039,Success,Grant Access,67014969,01/05/2026 02:37,0x02C2A0Ca41D850185fd29D81a1F2F894Ee610B3f,,0xc2d2b7fFa11Ea4DA2484759ee93d8DB157E8F0c1,,0 BNB,$0.00,0.00033
0xfa1c3bf7d18038b76e66a2970f3d4c4ba6606f9375466271285ab366ce1ea0b4,Success,Operate Device,67011135,01/04/2026 19:57,0x02C2A0Ca41D850185fd29D81a1F2F894Ee610B3f,,0xc2d2b7fFa11Ea4DA2484759ee93d8DB157E8F0c1,,0 BNB,$0.00,0.000217
0x0e3f0b19cfe9ff58f239daa703f68ee27bf462690572d9e93f8839b731a10452,Success,Operate Device,67011103,01/04/2026 14:40,0x02C2A0Ca41D850185fd29D81a1F2F894Ee610B3f,,0xc2d2b7fFa11Ea4DA2484759ee93d8DB157E8F0c1,,0 BNB,$0.00,0.000219
0x5d7f4087de906ecfaa222056bfa2343bd5293497ad5ab0ce382c7d5b5aa34ec1,Success,Operate Device,67011062,01/04/2026 11:09,0x02C2A0Ca41D850185fd29D81a1F2F894Ee610B3f,,0xc2d2b7fFa11Ea4DA2484759ee93d8DB157E8F0c1,,0 BNB,$0.00,0.000216
0xb6092b675aa097a71806a6fcd5fe7e2755ae7b90291b83feef9604b534ab74a4,Success,Grant Access,67011038,01/04/2026 04:12,0x02C2A0Ca41D850185fd29D81a1F2F894Ee610B3f,,0xc2d2b7fFa11Ea4DA2484759ee93d8DB157E8F0c1,,0 BNB,$0.00,0.000341
0xf4d03bcb373664e4758a995ff6e31e6ea80034dddcc0017a3f3429ab93b55eaf,Success,Remove Device,67007200,01/03/2026 22:35,0x02C2A0Ca41D850185fd29D81a1F2F894Ee610B3f,,0xc2d2b7fFa11Ea4DA2484759ee93d8DB157E8F0c1,,0 BNB,$0.00,0.000124
0x3f9bcddbcd1133eee8b836ee6a239ea36a2e10524b89dea4b68c06713023f311,Success,Operate Device,67007183,01/03/2026 16:57,0x02C2A0Ca41D850185fd29D81a1F2F894Ee610B3f,,0xc2d2b7fFa11Ea4DA2484759ee93d8DB157E8F0c1,,0 BNB,$0.00,0.000212
0xbd9d934f45a024c51deb404fd4615bc23100b4d4a2cf2fcf547ebe2af8737b53,Success,Operate Device,67007151,01/03/2026 11:04,0x02C2A0Ca41D850185fd29D81a1F2F894Ee610B3f,,0xc2d2b7fFa11Ea4DA2484759ee93d8DB157E8F0c1,,0 BNB,$0.00,0.000213
0x7edb7830d25ed2e9c09607e51e2d99b52a7d8a7912ed84a5d2a1f13c6298e1f1,Success,Add Super Admin,67007115,01/03/2026 03:18,0x02C2A0Ca41D850185fd29D81a1F2F894Ee610B3f,,0xc2d2b7fFa11Ea4DA2484759ee93d8DB157E8F0c1,,0 BNB,$0.00,0.000263
0x95c945f0b8761bb8c03b3b81d5922412905ec4913e8d242a97e13a2d9939970d,Success,Operate Device,67003837,01/02/2026 18:44,0x02C2A0Ca41D850185fd29D81a1F2F894Ee610B3f,,0xc2d2b7fFa11Ea4DA2484759ee93d8DB157E8F0c1,,0 BNB,$0.00,0.000213
0xb1dbe27146cf5d9bff135009bfd484b6b8fbeeafc58c1aa3dbdb188e82783312,Success,Operate Device,67003825,01/02/2026 12:48,0x02C2A0Ca41D850185fd29D81a1F2F894Ee610B3f,,0xc2d2b7fFa11Ea4DA2484759ee93d8DB157E8F0c1,,0 BNB,$0.00,0.000216
0x0e9609cd2feb5ce020dd5f985f6d2c4d547eee3acde8ad8319e256d4a53e88e2,Success,Operate Device,67003800,01/02/2026 04:36,0x02C2A0Ca41D850185fd29D81a1F2F894Ee610B3f,,0xc2d2b7fFa11Ea4DA2484759ee93d8DB157E8F0c1,,0 BNB,$0.00,0.000214
0x92fe56fa050f4b330b20e606759ab0c6f7b208231ef2231b5731c80ed34b24cd,Success,Define Device,67000056,01/01/2026 20:49,0x02C2A0Ca41D850185fd29D81a1F2F894Ee610B3f,,0xc2d2b7fFa11Ea4DA2484759ee93d8DB157E8F0c1,,0 BNB,$0.00,0.000447
0xa369b15da33d4503eb734092b7930837ea4b17cfe02a5708dea1691194f65d56,Success,Operate Device,67000036,01/01/2026 14:03,0x02C2A0Ca41D850185fd29D81a1F2F894Ee610B3f,,0xc2d2b7fFa11Ea4DA2484759ee93d8DB157E8F0c1,,0 BNB,$0.00,0.000218
