Transaction Hash,Status,Method,Blockno,DateTime (UTC),From,From_Nametag,To,To_Nametag,Amount,Value (USD),Txn Fee
0xa05d77e4195d9b684297572ccb5fdcad094ae78bb97a8caa235aa101c7205e67,Success,Operate Device,46366667,12/10/2024 9:03,0x02C2A0Ca41D850185fd29D81a1F2F894Ee610B3f,,0xc2d2b7fFa11Ea4DA2484759ee93d8DB157E8F0c1,,0 BNB,$0.00 ,0.00016361
0x47cf8c746b98c8c124ead0ae38252a98fcc3c87c94641eec4a7a3228f9910766,Success,Operate Device,46366659,12/10/2024 9:03,0x02C2A0Ca41D850185fd29D81a1F2F894Ee610B3f,,0xc2d2b7fFa11Ea4DA2484759ee93d8DB157E8F0c1,,0 BNB,$0.00 ,9.791e-05
0x01ede77e6e8757c28cb9e470828470ee28e198b2fef62cfacf389c29367c2b26,Success,Operate Device,46366652,12/10/2024 9:02,0x02C2A0Ca41D850185fd29D81a1F2F894Ee610B3f,,0xc2d2b7fFa11Ea4DA2484759ee93d8DB157E8F0c1,,0 BNB,$0.00 ,0.00016361
0xc982bf8e8c282463212acc73f78f389bd0d17f227bab0e44310f92ea94b5780e,Success,Operate Device,46366538,12/10/2024 8:56,0x02C2A0Ca41D850185fd29D81a1F2F894Ee610B3f,,0xc2d2b7fFa11Ea4DA2484759ee93d8DB157E8F0c1,,0 BNB,$0.00 ,9.791e-05
0x7c9810a38e3719df03f713252a24de961fdd6f6303af49a6e846299d05202294,Success,Operate Device,46366352,12/10/2024 8:47,0x02C2A0Ca41D850185fd29D81a1F2F894Ee610B3f,,0xc2d2b7fFa11Ea4DA2484759ee93d8DB157E8F0c1,,0 BNB,$0.00 ,0.00016361
0x159f42706e526636f09e6ac0b791eea4652b214e845f4b4aa1f9aa87aed4f545,Success,Operate Device,46363119,12/10/2024 6:06,0xFB3c1CFdd4c20653EeD1952197E58c5Cb74d05b1,,0xc2d2b7fFa11Ea4DA2484759ee93d8DB157E8F0c1,,0 BNB,$0.00 ,0.00016364
0x0f767d4deba7164de88bc1f819d35602d07512a158487df4ca6413c587d0209c,Success,Operate Device,46359549,12/10/2024 3:05,0x02C2A0Ca41D850185fd29D81a1F2F894Ee610B3f,,0xc2d2b7fFa11Ea4DA2484759ee93d8DB157E8F0c1,,0 BNB,$0.00 ,9.791e-05
0x38ecdeda8ef07233a9427eb4f0abb2f38b4978cb86000c22e44642ff0c9cfbc4,Success,Operate Device,46359544,12/10/2024 3:05,0x02C2A0Ca41D850185fd29D81a1F2F894Ee610B3f,,0xc2d2b7fFa11Ea4DA2484759ee93d8DB157E8F0c1,,0 BNB,$0.00 ,0.00016361
0xc1ec17d28256e2cd8678a290d4455eb76b75db92a9e6169a96e67ab64e85e9b7,Success,Operate Device,46332799,12/9/2024 4:48,0xD5ca5A2FD85f9D57C1A1542ff0c0dF7485Ea840E,,0xc2d2b7fFa11Ea4DA2484759ee93d8DB157E8F0c1,,0 BNB,$0.00 ,9.794e-05
0x68f5196e1d0e6b818148969d50a6a78c272075a49e26e008aadd833c88d9fd4f,Success,Operate Device,46332794,12/9/2024 4:47,0xD5ca5A2FD85f9D57C1A1542ff0c0dF7485Ea840E,,0xc2d2b7fFa11Ea4DA2484759ee93d8DB157E8F0c1,,0 BNB,$0.00 ,0.00016364
0x17b50920d6e3a2f708dd5cd23789bbcf91505a30a8616d4af39f17f151f551f8,Success,Operate Device,46262695,12/6/2024 18:22,0x64A500f8aD54e11cEEDeBC0F7Bb5e30e1bAF862F,,0xc2d2b7fFa11Ea4DA2484759ee93d8DB157E8F0c1,,0 BNB,$0.00 ,9.12e-05
0x56a1abea33e333ed9a7f18a22ab4a0a4792d6b04507697c347947d363697c728,Success,Operate Device,46262664,12/6/2024 18:21,0x64A500f8aD54e11cEEDeBC0F7Bb5e30e1bAF862F,,0xc2d2b7fFa11Ea4DA2484759ee93d8DB157E8F0c1,,0 BNB,$0.00 ,0.0001569
0x5003624d1c8e1ea85cf6133711c814373a81cb3c4cf10b04464db6d332e6eb9f,Success,Operate Device,46217983,12/5/2024 5:05,0xD5ca5A2FD85f9D57C1A1542ff0c0dF7485Ea840E,,0xc2d2b7fFa11Ea4DA2484759ee93d8DB157E8F0c1,,0 BNB,$0.00 ,9.794e-05
0xed81f497c2ca67be328611dcf4e54b7ab594f9c190d7bafdad9b96d92ceb2cd3,Success,Operate Device,46217978,12/5/2024 5:05,0xD5ca5A2FD85f9D57C1A1542ff0c0dF7485Ea840E,,0xc2d2b7fFa11Ea4DA2484759ee93d8DB157E8F0c1,,0 BNB,$0.00 ,9.791e-05
0xe0976c1da29d205bb0c2b43bf5e4f870af31af5e8e33bfb1168835f08dfff11e,Success,Operate Device,46215214,12/5/2024 2:47,0x02C2A0Ca41D850185fd29D81a1F2F894Ee610B3f,,0xc2d2b7fFa11Ea4DA2484759ee93d8DB157E8F0c1,,0 BNB,$0.00 ,9.791e-05
0x9db846fdb3ba57e85bbb9ad94e2f15a3b92880f1796bcf9df11bbf1086b374a8,Success,Operate Device,46215207,12/5/2024 2:46,0x02C2A0Ca41D850185fd29D81a1F2F894Ee610B3f,,0xc2d2b7fFa11Ea4DA2484759ee93d8DB157E8F0c1,,0 BNB,$0.00 ,0.00016361
0x6691ff9ce1439a80da8f27c7aa7c0de88ef43fa39cb9f09c1417c40b727c39a5,Success,Operate Device,46215194,12/5/2024 2:46,0x02C2A0Ca41D850185fd29D81a1F2F894Ee610B3f,,0xc2d2b7fFa11Ea4DA2484759ee93d8DB157E8F0c1,,0 BNB,$0.00 ,9.791e-05
0x165502f2ab425ec691de8b9c943e38ec632210f013a39b0a09fe11711de742e0,Success,Operate Device,46189884,12/4/2024 5:40,0x02C2A0Ca41D850185fd29D81a1F2F894Ee610B3f,,0xc2d2b7fFa11Ea4DA2484759ee93d8DB157E8F0c1,,0 BNB,$0.00 ,0.00016361
0xbd63f8e4a32e314d2e6b00a94f4432e7eabdc31499cb7cf9b9507c78ce35ad24,Success,Operate Device,46189874,12/4/2024 5:40,0x02C2A0Ca41D850185fd29D81a1F2F894Ee610B3f,,0xc2d2b7fFa11Ea4DA2484759ee93d8DB157E8F0c1,,0 BNB,$0.00 ,9.791e-05
0x9bfb999ea0e6a8e7f13a86ae0415d89dab675fd2ae818a48206b5731293d3a21,Success,Operate Device,46189203,12/4/2024 5:06,0x02C2A0Ca41D850185fd29D81a1F2F894Ee610B3f,,0xc2d2b7fFa11Ea4DA2484759ee93d8DB157E8F0c1,,0 BNB,$0.00 ,0.00016361
0x6fd3606c01b14e133f21444056ac1010f66d33e6aefbfb4e264754aa1baade0f,Success,Operate Device,46186382,12/4/2024 2:45,0x02C2A0Ca41D850185fd29D81a1F2F894Ee610B3f,,0xc2d2b7fFa11Ea4DA2484759ee93d8DB157E8F0c1,,0 BNB,$0.00 ,9.791e-05
0x95116071f39c9834e67aa74cf8d498770871cecac1202ae544d7b3ca34f339c8,Success,Operate Device,46165159,12/3/2024 9:04,0xFB3c1CFdd4c20653EeD1952197E58c5Cb74d05b1,,0xc2d2b7fFa11Ea4DA2484759ee93d8DB157E8F0c1,,0 BNB,$0.00 ,0.00016364
0x0252cc681990e01b8a4dcd765c4ed12794a9e702b2f1c7bcde74bb43bcc275c1,Success,Operate Device,46165154,12/3/2024 9:04,0xFB3c1CFdd4c20653EeD1952197E58c5Cb74d05b1,,0xc2d2b7fFa11Ea4DA2484759ee93d8DB157E8F0c1,,0 BNB,$0.00 ,9.794e-05
0xe4ca759d93170e19102f406ef0aae6f62f1081b90078b3cb228affe8f557a9cd,Success,Operate Device,46164542,12/3/2024 8:33,0x02C2A0Ca41D850185fd29D81a1F2F894Ee610B3f,,0xc2d2b7fFa11Ea4DA2484759ee93d8DB157E8F0c1,,0 BNB,$0.00 ,0.00016361
0x0bba7e5c69d0fcefd5dd1c1a65835d8ac9e6a08a7eaad6e62aaf4795750e57bc,Success,Operate Device,46164521,12/3/2024 8:32,0x02C2A0Ca41D850185fd29D81a1F2F894Ee610B3f,,0xc2d2b7fFa11Ea4DA2484759ee93d8DB157E8F0c1,,0 BNB,$0.00 ,9.791e-05
0xbf94fd15f6d2fd93eb0f43cb1f370879709ebb2ac326ce0915bff0e0c17bbff2,Fail,Operate Device,46753063,12/2/2024 20:03,0x9808670f273d8adb7f7b6faa59d42b45a05c7788,,0x132bebd31bb8d8824064e9fb71bf9d51529fd503,,0 BNB,$0.00 ,0.000276
0x5ec1bc54f61f3187561e9d00a0adc123cfc1441e3850876a414706315e3bc87b,Fail,Operate Device,46637458,12/2/2024 15:38,0xe1507d818864c3fff422bd47726ee0212002a60e,,0x5f37c8c4e19bfc5d9c01e84a6cf52ede5ec0c51f,,0 BNB,$0.00 ,0.000124
0xb95e780170d6c4b2693eba1d2f4e9b127fc5fe516454c4d5a9181959ea89938a,Fail,Operate Device,46719921,12/2/2024 15:15,0xc2c62070cfd96d744b5e63baa30036d76ac6b794,,0xe6a989b3366080dc25d0c23975751b4a4ea83b56,,0 BNB,$0.00 ,0.000489
0xc260adf4d7d8bcc8a6282e761519c668b1a238cea968118cfab8c6bca69021e2,Fail,Operate Device,46743626,12/2/2024 4:06,0xd4942c56b693c17bfae9406a8d832a8ddd6b4f70,,0x9c46cc4f9646a51eb5e17572cfd09b0d8503a1bf,,0 BNB,$0.00 ,0.000499
0x332e6f135c355d960edca96c76b91bb84c70b9137cde9ea3e90d59886a10f9d4,Fail,Operate Device,46071031,12/2/2024 2:30,0xe19c8ac1107f03c88c4cf9d24905b3c3f39983a4,,0xcedeb4b5e160eff20f5d9c3a05de83fb0899a73e,,0 BNB,$0.00 ,0.000125
0x80aac1379eb3acb97f5514499d0ab406b0126c917f3d496da01702b6f4cd75ee,Success,Operate Device,46495923,12/1/2024 17:40,0xac4d9b83de31fa3550136c2d27da49f182b51701,,0xa9902a20de73ea1b5a73d4a28a4ce05e18a739da,,0 BNB,$0.00 ,0.0007
0x665fd9f8c7691505c0983c0c9a895e4d12b7a38aa73f12ec1a121f517e29bd8a,Fail,Operate Device,46661570,12/1/2024 16:04,0xd881208b36dc80421007da2d786225ff8230964c,,0x6a7f5f0c1392a01a3d4a28fe0d6550c9c2f39fbd,,0 BNB,$0.00 ,0.000543
0x57e9dbd9cccfe445d554ac35ea978dd7d013707e789918882128db9ed5cb9f1f,Success,Operate Device,46876222,12/1/2024 11:34,0xe697d2d175f039f02f75f1bc55d263a8e67ee467,,0x4ccccf1a00c2b2394f0ed314a26010e13f4a14f7,,0 BNB,$0.00 ,0.000739
0xb91abf60ff72a45b243c9012acf04fc861edc01e4df0b1e966de6814ec1a5e33,Success,Operate Device,46595754,12/1/2024 10:07,0x2f149284d6c881baa51cd652b0809149b6871106,,0x934f8eee4213fb081e144219ca89001ba456f55a,,0 BNB,$0.00 ,0.000583
0xae96cc7d987a9cc2c9f764269991bfe1ae970e27f2d49f1066d50351645d535a,Success,Operate Device,46653066,12/1/2024 8:26,0x032e34bd11eac104a6fb04b25d614742b61f62f3,,0x55056db539ed0f59f29a5e0232404c3175dd99e1,,0 BNB,$0.00 ,0.000154
0x334cf29a29e96cbcc2cc7bb3fc40ca3405edd903fe3e8cdff3e725b66d62af6e,Success,Operate Device,46676164,12/1/2024 5:14,0x04ca253d962ad559d9fcaa63f7cc2bebadcc6077,,0x17d167abdf00942f207ab73a333ef19c13cff132,,0 BNB,$0.00 ,0.000601
0x3f4c79a89abe3f3caf402f7bb74ffca63485986b25bd92f8f2ac76c3e6344c4c,Success,Operate Device,46521651,11/30/2024 19:51,0x2da548d45a6a7058f35a6664fff1490206744bdf,,0x2795d1ffead9431db9969cb9da6534b2247c401e,,0 BNB,$0.00 ,0.000973
0x693ffe9106031bbd939b87cd7d750826240b6ca1247cdb98d2555a6b80fbe921,Success,Operate Device,46981734,11/30/2024 19:21,0x76bc6be8094fbfd985a46617593bca65b3d67306,,0xf68d7b2c6c53b5e9a4eb819d8e24800e21c328bb,,0 BNB,$0.00 ,0.000542
0xc143f9f24fefa40b0ccdc03567f19fa206d55923412d85aa63dbd53ce50b2ccc,Success,Operate Device,46338189,11/30/2024 13:43,0x9d3544125d7359a87fc7aa53a92e7a56201da3fc,,0xf77b82c35b32cec767c2f276219026229e229b8e,,0 BNB,$0.00 ,0.00097
0xdb40b98b5ab1b9fc1c0a7b07705b34d32c36d4cdc7ed4cced13c28a51b0acfee,Success,Operate Device,46290790,11/30/2024 8:57,0xc234394632b1f93ed9d261f1cf1544c32e97a710,,0x817f9fc1df453e3b2a86dbb6bfa6a81bd7e3500d,,0 BNB,$0.00 ,0.000616
0xeacd6498aebf6bb77c159f305efa8fe4ac91ceb0e7bd9aff5971c56dc0dc0266,Fail,Operate Device,46626931,11/30/2024 7:59,0x2d8c75edfb0df635cfb146b3ccc330a82e24462b,,0x5f93d63cfe19c77b95db81a1c7cba3c00bffdaff,,0 BNB,$0.00 ,0.000111
0x4326af23582b6cc317e77bf68a4b9a48cc6c3cf735b88e55ac2a7056a8f1467d,Success,Operate Device,46139778,11/30/2024 6:41,0xb78c68beb740ab0122828244fccc00248fc4d72c,,0xb0ecfcbcde490eab36bb4777b9fbb4c6b213d1cd,,0 BNB,$0.00 ,0.000996
0x55e46ad538d220239dd9d915bf4ccaf310acb5fcd1688432c89b39abfe71d0e1,Success,Operate Device,46230320,11/30/2024 0:26,0x338ff92f23ec98fe63fe5de51a6f5e2681fff1b2,,0xb16a2449a9c5e09a3c4af68f10515d9268a8d9ee,,0 BNB,$0.00 ,0.000209
0xf140e6310df353388bfeb5ba461240ab6f9cf002910528dc3c28cb64d4a114b2,Fail,Operate Device,46575205,11/29/2024 15:04,0xd28f94a7a99ab44c24a61b3ce57aef5544cbfb9c,,0xcbb721b62b17491a6c7b59fe5b654f99dfa1efa7,,0 BNB,$0.00 ,0.000487
0x4232f9c9c5d526c6e2d4c4237ffa868cc87128939184ded4ddd09cd1798abe0d,Fail,Operate Device,46954067,11/29/2024 12:46,0x5961cae4c27f27ad6bc7b6e274854297c88f11c5,,0x8935d463d4c7f5f481fb384f541d64b072bdcbf1,,0 BNB,$0.00 ,0.000892
0x1cae33c11b4d814ad85084ea893f6cb306db7891b774687e899343919f6ef6dc,Success,Operate Device,46140782,11/29/2024 8:03,0x5b6c371f478cde259dc175cc4d56b72467140554,,0xb0104a62d1f1969c6dc921fca8544cff56109b0d,,0 BNB,$0.00 ,0.000435
0x3ee4f2b8651b879d03bfc64ab02d145aa56e855e7ec30968996911b0442272f5,Success,Operate Device,46745927,11/28/2024 21:40,0xa5eebd95d0c76692e661ef635fe909d8c57ff7ad,,0x0ee0356743e397e341ccd1a878504b9a64bbf1fa,,0 BNB,$0.00 ,0.00015
0x68a8bd581ba43d3a30b2207d5f7f826db4fa785b308668599ac3710c063954a0,Fail,Operate Device,46523150,11/28/2024 21:22,0x778cef09f27816ac591d2748b70b790ddef3a1f7,,0xeb2f66865dcc1d38dd1ec46e77f512d61b28a708,,0 BNB,$0.00 ,0.000819
0xac1c1be9412c228096affb4b4e94e42d4b1d77c3a2d05235de57278c3dd4119b,Success,Operate Device,46496816,11/28/2024 14:45,0xbe77a8db5f8278d154dd07ff0b7bac75feaa79f3,,0x205b4ac2b59dda376a0aee2d1920ece9b95afac0,,0 BNB,$0.00 ,0.000505
0xf3a90446c8e7d529f19340e6dac7756f8d16909f332542f8068058afbfa70b71,Fail,Operate Device,46404027,11/28/2024 14:34,0x12f74464a928ba8a17abbb642b52b2effb792975,,0x7f152914cada38e1e8dd7357cfc732260d1dde10,,0 BNB,$0.00 ,0.000614
0xdc19893cb7b845ae46f140dc4a0b3b49bae17a2c597c182bc2ee696f9081fbe4,Success,Operate Device,46818244,11/28/2024 12:13,0xc2d48b38933a9701803d36d611d66f22406029bc,,0xb0e10106c805d71eada4843f647a499d100a1404,,0 BNB,$0.00 ,0.000753
0xfdfce84d7bc29dbe8f1068ce5e107d0d6b5f568f5fa353417330cb37cb040524,Fail,Operate Device,46639914,11/28/2024 6:30,0xe61d2cfb0f8d58ae066283b8fb934ebedde40eb2,,0x798a5388f91cdf61b400613742ec8f7ea880c5ba,,0 BNB,$0.00 ,0.000342
0x07836f25f08e32aaeb0b4ee420d14eaea2ece83bd1b3698bfdbad2f8123c4a22,Success,Operate Device,46362610,11/28/2024 0:37,0x8ba8c55e4f4294e91491ea336ff7eb9e9ff9277f,,0x520eb0b0b0de63c869064427f65c381aa3d906f5,,0 BNB,$0.00 ,0.00097
0x0c58b06223136223d29b957c0166f820ce544d441b1407517d88715eb0c4a255,Success,Operate Device,46849558,11/27/2024 17:14,0xeb94760abe0b504d998e62f01522e050871b7bb6,,0x4a82fa41345af1b56a16d10794d56ee21da55bde,,0 BNB,$0.00 ,0.00058
0xccb7043340e3ab6ecfd8ef09270209e7bcdd7251001b123663c0ffbd6c7258df,Success,Operate Device,46379355,11/27/2024 15:07,0xfac132f741d6f45d9a7596ea60cb10830ae64208,,0xc88b38d1cf1c54aa3dc45f861a87093feed3c415,,0 BNB,$0.00 ,0.000985
0x7826dcb847c21778086d248722fa98870fc0cec413a14fbec46884dba2fedd09,Success,Operate Device,46009796,11/27/2024 13:50,0x00c5dbbeaa60ad1ca7ee9003fb32384ed02593eb,,0xf86148d7383246e4e24e120f29214a91fea25c2f,,0 BNB,$0.00 ,0.000124
0x950f023dbb2a2d4c71d7ce9218b7cb16ebaf7bc7490c954c384fc13257ffa00d,Success,Operate Device,46872827,11/27/2024 12:36,0xb9557747d197b80ca03b73104a3f89b072bc635c,,0x462e6874be444b593a3c254dbce2fca88d71635c,,0 BNB,$0.00 ,0.000812
0xe79039e2174d93e59b26dd425568626acf9eba9f65fb23fbd8ee8b1a10d3788c,Fail,Operate Device,46221657,11/27/2024 8:56,0x9f47262e1603503bba5ef0c287a114dc98088ca4,,0xf2347f21b5e2bcb8d18e3c205789a4edf38d544c,,0 BNB,$0.00 ,0.000533
0x96f5ec6eb838d12846179b108f33a359ea75fded56833b0193617a6f9feeca7e,Fail,Operate Device,46566341,11/27/2024 8:02,0xa5ade55cc6e1f71df840a26722cc15fedaf95b58,,0x47dfd462a1f97e6ebe8a4b89771d1f4160605668,,0 BNB,$0.00 ,0.000647
0xfad19d984de18d609593e52c3edd833f9d2fa72c580dce3340eaa18140423691,Fail,Operate Device,46225991,11/27/2024 6:03,0xdb33b2de2efe980a54c1f1169eb209b74da23c50,,0x16e65a8bdbfff1de38cb3940a138d9cb321c2d76,,0 BNB,$0.00 ,0.000211
0xae088ed41dc2699c2ee8527e434f1c88cee92aff4dab034c4e5128f46abced0f,Success,Operate Device,46225189,11/27/2024 1:20,0x30aaea8ca8074e873370b788549acbc3eb965d1a,,0x8ba506c5c37da0ad41b6434c16ae286b6ef9e16b,,0 BNB,$0.00 ,0.000124
0xf8eff710734105cabb030dda85da970f1a8128f5ebef964f774918666f309763,Fail,Operate Device,46929725,11/26/2024 23:39,0x9149e4f1b7089364e5f10abb8709626e4c5227c3,,0x4642e65b4da9790576e37a451b91c8f3b8a93cb0,,0 BNB,$0.00 ,0.000469
0x1a528f7bc4e91b2b9df1a5cb0230bfde33512acfef30ca26e47aeba05a8a09ce,Success,Operate Device,46785725,11/26/2024 20:57,0x6be0c6b42bdbec1d9e3e73fb9d0f3de4624f5a98,,0xf3fac65862207e42b847c49077a91cc6aacd5a99,,0 BNB,$0.00 ,0.000559
0xffa92bcfa4e3b6d8038f9d4b51860705545a1c71f938f08fdd6c632d372e533e,Success,Operate Device,46061437,11/26/2024 10:00,0x050d712311393951cca40e964c880a7c7eba4d4a,,0x2032ad04d337c182be1e5b09e1a669ef4cc418b7,,0 BNB,$0.00 ,0.000993
0x0e394d8989ed32fae7de9795fb7d6920bbce950f94cf4b269d04de28a0077af2,Fail,Operate Device,46759616,11/26/2024 9:14,0x2a75a4d52e7de761494e6901f58c969884723846,,0xfef69e59acb5be3de5ffcc8eb27d8b2a33aaf58c,,0 BNB,$0.00 ,0.000637
0xf8e7c0079fa99bc96f4d363920040450f881f2f0fdd209291176d14c6b161dbd,Success,Operate Device,46855717,11/26/2024 6:29,0x15e44b894abe615fa81af4b06f6e54028a27cdc6,,0x0e9249de18d28cbfded8ae61124dff6cb5647d64,,0 BNB,$0.00 ,0.000238
0xb68d37941334bc003dfe1f704d180ec258380ae451be93c64646a3a4aa0f52d3,Fail,Operate Device,46411902,11/26/2024 2:35,0xaeacd7a27c5751c53d752b1ef658c1d5aaab1e0c,,0x3c62a7786678fad38a994ccda25a2dbfcade41bf,,0 BNB,$0.00 ,0.000753
0x9ffc89cf7d6988aabbca5bcc9417b3877951d8774a6f6704e03f2629cc257894,Success,Operate Device,46090113,11/25/2024 18:28,0x79998e2e7c06622b337f870683c765ce6fd603a6,,0xc16a2cf2a51f71c2c3ca20fc27f3c48a7c8fbcbd,,0 BNB,$0.00 ,0.000173
0xc74d8edce7101184c72b414794aaf21ce45e1df1c1869ae1e6b8e8c6cff88e39,Success,Operate Device,46891161,11/25/2024 16:54,0x4a975975a363b8631e7f82fbb3fe295aea68f287,,0x815aa3bb60db232d0f1f59e6dea4d0bcdfbfb4f2,,0 BNB,$0.00 ,0.000483
0x93c2633bf40f94ed10b1852227ad1d761b4b808c8602b93fb26294d0d5d0e2d0,Fail,Operate Device,46202008,11/25/2024 6:39,0x99f051e239afa7ce55bd60af50d4c0055f96054e,,0x75afe1b1a2fc44aa63909d62c86408ecde6f17a3,,0 BNB,$0.00 ,0.000618
0x9f33b04374d7f4c8e561a1b219210f203697876487026b46ae67917393783268,Success,Operate Device,46456664,11/25/2024 2:14,0xa6fbeb417dda7afd9d9579a40ce4ca5c94c6702b,,0x0814f6de8ae7498b24dbade65dfb21b0dfcae3b1,,0 BNB,$0.00 ,0.000692
0xfb1410a82c92392892631253964553ac846e5d6f4ec183318d8674a38e11174c,Success,Operate Device,46124037,11/25/2024 1:45,0x2b62dea38d89ec62094e657897273712ff379a71,,0xd6f317b0ad411833a6530809f96d0fd1f29fbf81,,0 BNB,$0.00 ,0.000581
0x6a17475710638f17fb3dfd4799027dfe8cd0918a7707d680ca7f08c9e0566f57,Fail,Operate Device,46636480,11/24/2024 23:57,0xe2d6d4d951b24d8586bff120b16f943ce5ff12d1,,0x1003c3afee16e217ca9e3097bc488b1de1ab20f7,,0 BNB,$0.00 ,0.000125
0xce0558c740bf3819e315a93ccf1e5fc52bb802e133208a0106fbba40a268a8e9,Fail,Operate Device,46309041,11/24/2024 20:18,0x74b12269df6d085eea2c638c4b0a6f36ba6c8212,,0xfd4560cb63d7b96edc5d764490b6a4f46b401cb3,,0 BNB,$0.00 ,0.000803
0xf6aa2a2d23a643a8e25a9d47ce4f30f9cb4994a50f5e90c5bad468e8ddf286cb,Success,Operate Device,46711023,11/24/2024 17:18,0x75eb9acac17de6dc43715cbcb42b46afcc615e34,,0x2e53a68e7e2862b51858992df3ef737d0fdff19e,,0 BNB,$0.00 ,0.000788
0xd26e2f955720285f9e8926171d2a4762a23d5d32da8ffd22667a686e4c53e22f,Fail,Operate Device,46447602,11/24/2024 7:40,0xdffb89161c2d7978e52f6444f71f83bb0d5e2379,,0x9e534c22703cb400af8e34f5d90f458ce3233a36,,0 BNB,$0.00 ,0.000981
0x4cf188d3de011e1819a9617f4f4808f05488018ae7b83c5f90a860066b4c49fd,Fail,Operate Device,46500371,11/24/2024 7:31,0xb33f9c3e124e23f404c5d43dbf78795cd03608ab,,0x9f6e7ebf58eafca7677e350da64cebeca7fcc6d7,,0 BNB,$0.00 ,0.000479
0x97526b5102c778573fdc6a2a5228bbb51fbe4c412747b3c8174a45db9b900979,Success,Operate Device,46426736,11/24/2024 1:44,0x165a97add51a16abbd042e02850daaf482a51612,,0x2dff8b75bf57d37028f282deba45da733d155cd2,,0 BNB,$0.00 ,0.000345
0x18a081386541d985f19b65f71fd2ff9c903aebba1d0546fc7b33151b17771632,Fail,Operate Device,46097291,11/24/2024 1:04,0x26a6f4056aa3ca41324040205fd8a9f67d7abda3,,0xcdcc5d605930eaf52f8f6aa09eb309133e5288de,,0 BNB,$0.00 ,0.000104
0x1556193abf083989ec06c3322432d4f13670e817c00320a425659dca68780598,Fail,Operate Device,46081663,11/24/2024 0:18,0x29012b7a2b81f75b28b7ff8e6adb557a2b7ab4c7,,0x7fed1bdc8176be847d5436d43267a58b88102fb2,,0 BNB,$0.00 ,0.000325
0xc0a2ed1aff8b4992f9a062e6aaa64c37805129c70d43f24c5287d25137a457bf,Success,Operate Device,46748936,11/23/2024 21:35,0x90c75962707f4629bea6de6a7fa94b036f56b804,,0x11bfaa3d2fcaa9bffd43cfb39b2ebfdaba715f27,,0 BNB,$0.00 ,0.000673
0x77f4696bea2e963860d83e284c007bd567acb88bde5feab162a99be26dd7ff08,Fail,Operate Device,46563270,11/23/2024 19:47,0xb6891e2d476a99ac4549d1dbe9073b8388073a7c,,0xd9a3f02718be5d2103cdad43bf6369abf0ea5da2,,0 BNB,$0.00 ,0.000617
0x5094caaf8329364d0497371ff98bd3ed4034cacce208cc03c22dcf1b7fd6c346,Fail,Operate Device,46778127,11/23/2024 17:31,0xb94d1b16d1dbb6fda8fd6f758da8e92e730c9662,,0xaf1a4bc472f25ffadb90cd6abe35a4ac641a8aed,,0 BNB,$0.00 ,0.000132
0xd4503c723089108073f9fa9f2108cea0b8fbbebb004a9f3c75c7df3eac807615,Fail,Operate Device,46366528,11/23/2024 14:02,0xb9afcc222c26ae40c255589c6c91f4490c2d49f1,,0x188ef376c6f050247e8cb6c40b0f47806a0c4fb6,,0 BNB,$0.00 ,0.000665
0x4177406002989dfeb5c28b56fba7f752a0e0d003d8090ff0f1d2dca60a91ec71,Success,Operate Device,46491629,11/23/2024 11:40,0x324c81447bbbda44bf619586a7fe6b2873cce4b2,,0x4853c8dd348cd2c17cfb5fd3e265183194142590,,0 BNB,$0.00 ,0.000196
0xc49e2b58285d4472e2ed21d5e4cbdbc004aa6da6d03ba4faff49d8cc109c12bc,Fail,Operate Device,46927094,11/23/2024 9:09,0xdfe8a18a23106839f8c99e07887890b5700930d8,,0xc688911c6e2aea62fd625a7e6d4d0a2238c34f39,,0 BNB,$0.00 ,0.000556
0x5ad78200dc451ed112129395aabd162b066074dd8a101c1add60cd437ecc885e,Success,Operate Device,46412596,11/23/2024 8:08,0x29529932732ccd8f88b1736ff41fb6f211965220,,0x69189cfaf03e9e6f5fae31958ff0e9d1334cb44b,,0 BNB,$0.00 ,0.000776
0xa3a5d11dfdaa9e402c3ae0946204289e1ee487f67f9c1ada83d33557c9c74fd4,Fail,Operate Device,46664315,11/23/2024 4:30,0x983ee067c86e3529138c738e3e2901f74d277fbe,,0xcb99bfcebb4f04b516f53b38a121d5214743e39c,,0 BNB,$0.00 ,0.000344
0xb2d9fcbda2d70f55aa389edb4641960bb8f2d48366a9ab10d41ed68f6b0ba3ce,Fail,Operate Device,46853306,11/22/2024 22:42,0xc45b57c6b3fd55ed903f0f917c1f5a5c9d4957ff,,0x07fba794a8013121021157391255f02d44851dec,,0 BNB,$0.00 ,0.000587
0xb6906924b98832e677b9172835f20c90c210a97d280990629d277130cc8bb82e,Success,Operate Device,46201278,11/22/2024 21:10,0x0da764240931381dd59c449dbcf788a4238006b4,,0x3dbb1241659eb2b3268b5d60ae8dfaf4d3ce41fe,,0 BNB,$0.00 ,0.000169
0xc9af13185665210f66af38874359c98918a1cc810b59601517f0c671ca262993,Fail,Operate Device,46600729,11/22/2024 19:38,0xda4ecbe19a6ac6d4cbc2af1cf458a60528c4d538,,0xa62fd926840e9530f620cc7862b892c8528b2caa,,0 BNB,$0.00 ,0.000117
0x1f08268f567aa34f56c313eafcae6c3adbe0d19720841a5c0f2713272b7f41df,Success,Operate Device,46364401,11/22/2024 15:13,0x88e6e9297e8792c9b29f6a0cfb7e8af339a65c16,,0x07491a017f58e9e3e4c851627d09b41677c29745,,0 BNB,$0.00 ,0.000973
0x3954e728a58b854e02579b4d14e3ad563e21dfbfbbb552da100893ebe0bd5bd2,Success,Operate Device,46056558,11/22/2024 10:21,0x900f28e9ffb27b66768760edd4541b55ff623e2d,,0x52e74239f6b8b901a4f0a56c5f06c210d315995d,,0 BNB,$0.00 ,0.000434
0x953b306db65d75907e07a7716bb92d7d52cf987394b7eb30cde92d9530b9537d,Success,Operate Device,46098466,11/22/2024 2:52,0x0431f8c9022215114eeed7152f5e9655fad0fcd5,,0x76e82daae7280fff070f225d97dfc834414027bd,,0 BNB,$0.00 ,0.000206
0x65408ad7a0b39d1ac9e310a76a0011c23298543324152d2d6c28a49375ce5218,Success,Operate Device,46948197,11/21/2024 22:22,0x2d236e1c7ec4a7725993bba2f20d12c91973c209,,0x821dbc55e6d6ae5ce6d54c8fe3797f0759d19171,,0 BNB,$0.00 ,0.000902
0x147a69083883c1c06e58b417d66cf3dbdb0cf62f7d17cd8bb5294fda7e102d97,Fail,Operate Device,46410194,11/21/2024 20:38,0xc16ba83316789a23a33ef6917759a8cb5429e3f4,,0x32e1a33a5c2f1ad1d5b53e91c1ac810e2705a4a3,,0 BNB,$0.00 ,0.00081
0x733e8c296e175c6975a3460c499d4ffc6cd02778a6aed4fbe5879ded2b051d54,Fail,Operate Device,46364518,11/21/2024 19:40,0x0c856e44680d1c2593c71ba202004fd62b2753ef,,0x9d3d72237a92187e90bb39e5c8e493062c55f173,,0 BNB,$0.00 ,0.000544
0x6c35b2d846a14dfc8a3cd1193e793e771204f4a0ca71b3931b2ce6aeaa7b1a8a,Success,Operate Device,46983980,11/21/2024 14:19,0xbfab6b4585c8d2698480f684ef426424f55c1b4a,,0x6950b6851aab38bd9ee9724d1d29a36850ac5a6f,,0 BNB,$0.00 ,0.00058
0xada6d428c8111a1f62edd885fc0660811681a7435f31ebb12edb46641a1847af,Success,Operate Device,46821459,11/21/2024 4:26,0x07745c515154b5a55e7c8d076e2e7614f43a9045,,0x4fcd0a60ee164fe76122a91da47b3ec4a40b886a,,0 BNB,$0.00 ,0.000412
0x7bb5fee954729c4aa341922b1bd8f12b15c4144fa315658c321ce91b4a57e92a,Success,Operate Device,46323769,11/21/2024 0:35,0x25712c9a232a79df7189095724a1ff548bbd41d6,,0x7f5c952874de7617444e8bd9c239647c23e6ba4d,,0 BNB,$0.00 ,0.000774
0x7b53416c6cbe55a428ad78efb4331afa65d7d6fdf6e3c6eb406d1eae54489272,Success,Operate Device,46591682,11/20/2024 23:23,0xc8338610aa915bc1b8d946aeea0d011a526c396c,,0xbc367f43071730f55676c60bfc0d606883098155,,0 BNB,$0.00 ,0.000106
0x6f4d7fc18fb7bda16c5a100ffeca167bc2806632346c7c0e756ecccf2d2b5794,Fail,Operate Device,46169364,11/20/2024 22:58,0xa429586e57d66780d8484d48d1b4a342aa782443,,0x28245dbd71331133d1f23e412f7f75aaad264332,,0 BNB,$0.00 ,0.000647
0xc05bfac034af761699fd46352e8f0de58ae9c00e703c61b661881dc7642c63d3,Fail,Operate Device,46606765,11/19/2024 21:54,0xa5ff514098835c01de4e96340a98f76f1effe2a9,,0xc3816864ed6f31663454644ddd7f67293f959cac,,0 BNB,$0.00 ,0.000103
0x444f1fe593f99b21bceeb88532ebcaa423bab846b3ac6edcd879a04a01142e70,Fail,Operate Device,46484302,11/19/2024 15:22,0x1acb6c7a823a2095bd4d176e3111b1325536b97a,,0xf67072adec1839839fec8aa91a6f4fd13ff06b48,,0 BNB,$0.00 ,0.0007
0xda25c0d5f02c7c34050f46f3a7734d07d45ba9ee57f3268dca48c5db3a726eb1,Success,Operate Device,46692734,11/19/2024 13:44,0x8e7ad2120e14feb4f0ce76322c754bacb0b5b4c5,,0x484cd70e6f5d2f57f6d0de0a393770b2511dc32f,,0 BNB,$0.00 ,0.000618
0xa2e9f61f0c098db135eb2793ce4ae4e7a11004421762917d96c64f159eba2ec4,Success,Operate Device,46895435,11/19/2024 11:06,0x6713f6a7db2d583a8711ac783698d4afa4a4e1ff,,0x023090747c6513958e44f71a38b425e0c53d3eac,,0 BNB,$0.00 ,0.000867
0x53c9bdda98ff562b217d164a6c8cbac0ae638ff7e8972007998c201aaa352a0d,Fail,Operate Device,46838276,11/19/2024 9:04,0x5c00ef95436948be818c26aa65188d0494a9bf02,,0x0a55c15b441de998e2e051b001e1880a5dc558a0,,0 BNB,$0.00 ,0.000548
0x73a74cd1f49e628f354c98ff87e3f844978af66c3b5dd853f806b20029d5d33c,Fail,Operate Device,46574803,11/19/2024 4:52,0xcc1a5f1acf7038c2a50e86dd72f00066d7580555,,0x8864b0c4b19fb80e1cdc72f822f2285c1fd4d109,,0 BNB,$0.00 ,0.000181
0x4551c1461a806f726cfa7979d8dbaaaf8ddd61616882b9a3f9e95142f324908a,Fail,Operate Device,46289016,11/18/2024 23:00,0x09c38d90f9497f703eca600584be8c36101e9dd4,,0x96045a9a45be379dbeb29ef4afdbe99dc37ef757,,0 BNB,$0.00 ,0.00063
0xadeaba6a2e8a8c8bd9ef62a5ca48d328d2c29ff103717ab6bb728e521bd6afe5,Fail,Operate Device,46757520,11/18/2024 21:05,0x3dd2d7f54e147feb1608287429b53295eefdc03a,,0xc69a2416472da4d349f23396fc27358ef046b1ed,,0 BNB,$0.00 ,0.000267
0x1d88ae4e5a63f75069acc8cdbe47b8950912abc0785abd7bc99369102b9b0473,Success,Operate Device,46147253,11/18/2024 18:18,0x4e94ceb2f09f442118d99e9df63833a4fbb22d7a,,0xe99b6b74e5a59285b22a0782e111da44df0bbc82,,0 BNB,$0.00 ,0.000391
0xb6952230b83ba69134e9c6ec0ae1e8b7a364df73f83ae12ff80bc0c4bc32f7e1,Success,Operate Device,46565959,11/18/2024 7:40,0x9a9bedb18ecec91d29a4effc38d038e36faaf397,,0xfb8f623b93c6fa4296aaf9e31da060a019504c4b,,0 BNB,$0.00 ,0.000556
0x63a82995cb3111fcd98ec816a4492516cb5c2b94e1cd598f0f84ff4db4e7eeca,Fail,Operate Device,46205240,11/18/2024 6:05,0xe915f5e56c6913a9263314fb8429e73482828691,,0xc9ecf637dd6ee46ad093e39da88494707f43c0aa,,0 BNB,$0.00 ,0.000865
0x795df6b91ab37ab35e245bfb55e479492152f4277eda59a4673818539de7192c,Success,Operate Device,46602503,11/18/2024 0:14,0x8dc90e95499d679fe50dcc6c08bc29726fdf2f7d,,0x1cb840f989e5d0ccfdee6bc5551e52c9a896b8da,,0 BNB,$0.00 ,0.000165
0x48d0e8c3433c02962585a8a6e4802d6e92a79f188ad5f353b9cd5b0b14991aef,Fail,Operate Device,46293044,11/17/2024 13:17,0xa13119660de08074033ee46711870e6e26f9fd9b,,0x5f338666f586d5bd839d6a2403d635dceb957e6a,,0 BNB,$0.00 ,0.000281
0xbb66c2b83f96fc94879d8eb2e45b503464a115e17da6ff2cd1d7a776a97025d6,Fail,Operate Device,46785084,11/17/2024 13:11,0x42bb34e088e489839a9c623ae905d81221a80b26,,0xbd0baa92ec274e8b740806fd5c75d1bfbb584e24,,0 BNB,$0.00 ,0.000857
0xf8fb503d71c2a0da765ed11b1aef6c3aa3db2dd7824b45579b93a3e095ed40fd,Fail,Operate Device,46338201,11/17/2024 12:54,0xa01df026e10e6c8849a9d1dd053cebc26b813504,,0xedea8a788df0cfb4880510815d888a37468a4723,,0 BNB,$0.00 ,0.00064
0x99c53d8b79eb79508d5d116f50c1cd0b7f9f2f0a6f4a8775434b91559ff55d71,Success,Operate Device,46263066,11/17/2024 9:06,0x09aeb0d10251875af841edf3e73f4b6d62dcf483,,0x7a0f0a50770994e3f139fb680c4cd4af8eaa34c1,,0 BNB,$0.00 ,0.000414
0x577a02431e827a4881e99b7e99fc8b4450a0deeff1648404cb1580f94ff28c5e,Success,Operate Device,46984860,11/17/2024 0:05,0x4c2a379d27e770ce374ce2c5efc3b9a721bfe411,,0x75860b5550b6581835a91093ed660654553e974c,,0 BNB,$0.00 ,0.000457
0xfb5b6f6c58c0334c71a442e00bd85a595d622e89ea2de1cf24703005069164a5,Success,Operate Device,46196211,11/16/2024 9:21,0x26a9bc8e76f4c23c152a77adecb0a1824276325a,,0xcea61e96f0f283099f75e0af4aacf2060fbfe7c7,,0 BNB,$0.00 ,0.000204
0xc403b54d51288aa86a61d000791b11ab3307fa8414e697d504c92942ad34c055,Success,Operate Device,46557160,11/16/2024 5:38,0xccaee59975a4fdc02a0dc9639591fdbb272c237d,,0x124b9b29cb7c7a90883bdc5f8a9dbf1bbf424900,,0 BNB,$0.00 ,0.000464
0x63997880dbb17bba208b9ec5242348ad9a36f81664810efd9ca75f392e6f476c,Success,Operate Device,46807862,11/16/2024 1:40,0x273a665243e080d6c9930dce1fd3b4bb3c889c3d,,0xb862f192af36964ef1ad0f4dff22aeaa3045d812,,0 BNB,$0.00 ,0.000268
0x83c7d1788ad3c93b7cf9be6de3dcf84d0b9fa6cf518d309311c5d2fe866d00a2,Fail,Operate Device,46674256,11/15/2024 19:25,0x87b48add624a0f69ccfaa4941c554370286b9cf8,,0x432d482e2ed707df5b31302f3d41a122aa8556c7,,0 BNB,$0.00 ,0.000298
0x5548402138074160ee5cfc7d6c0391a2f4e58e162595a282afee3a636b9cf427,Success,Operate Device,46777836,11/15/2024 18:34,0x1ad087d6d9b3392f2d28b5674ce7dd33389b60a1,,0x05a35b8fe21b0fa45966c153c6c56b23c50f0f88,,0 BNB,$0.00 ,0.000919
0xcb7b5a2ceeb3a8a83e7c831f23b70b52d0691b0b8898ba52aa5c968bb3f5ae4e,Fail,Operate Device,46184528,11/15/2024 13:56,0x8778cfec62958fb49c126f070d3a8a75acf2fea1,,0x25cc2f32657f293365dc03b18ee630858ba65c57,,0 BNB,$0.00 ,0.000457
0x84d72585c8b81063dae561c4277686867fe52d430dceb7a027403e26bf01b98d,Success,Operate Device,46935345,11/15/2024 13:12,0xcfab9ce24c4df5d91f3bcbde6d8b2cfa41200128,,0x5250fd9c14a407b4b4b75fc286671f208e45619f,,0 BNB,$0.00 ,0.000961
0x726d09ce8765abdf9c75f64ff77e027e86897824bbe11cf214f6e6a7317fce80,Success,Operate Device,46422088,11/15/2024 6:20,0x1e68109740bd00d93f2b2c2b7fd6bfad77d5ad0b,,0xb0df1a117e3e232296349004a6e3fb076752ec25,,0 BNB,$0.00 ,0.000278
0xa82b3fe2122602918d31be2ac40df261cb8f8e88d7edd79cfcc4b1117841d557,Success,Operate Device,46433891,11/15/2024 4:32,0x4a5f89397a26d4d8f05ae5eb991aad19a46bf723,,0x82a2356488fbc5b2182aad003aa5f4cca372c5a1,,0 BNB,$0.00 ,0.000279
0x50e07ab2843bab27ea993588620df76297433cf9f72bf8154598d23603814aca,Fail,Operate Device,46772687,11/15/2024 3:07,0x5dfc28b08906380c4aa1a5de3743a5a8c7aac4f4,,0xe0b472d45b9ebc9caaa07134a944ee4f3f174d4d,,0 BNB,$0.00 ,0.000448
0xe168c47bf5b610bf20bd9341cd5b0e53df396931949e51e5d15e1898e7ee845e,Success,Operate Device,46464356,11/15/2024 0:37,0xc1473d34333f2ada1f2ef7a5c0461406a2c11400,,0xd70763bbeb9d8831ab9118fdae026cd98d86fda7,,0 BNB,$0.00 ,0.000612
0xea30b7a457c8f7a1f07a8007ebb538243875ded9facd646ca63ba0c629035d83,Success,Operate Device,46807636,11/14/2024 23:50,0xe5a3b30c32a28708ee1e35b6aadb2578f17f211d,,0x0ec2ea86743d4e9441bda8a1d5ac5f3bd9ace82d,,0 BNB,$0.00 ,0.000413
0x9adad4d33d31a0045bceecd25645287b1ad0ee2fab1d92458ec675ec75c92bb4,Fail,Operate Device,46896551,11/14/2024 18:41,0xd7666b9eb874328a63f432474d48d678ff05805a,,0x25fed31254a976ed112238b603d4afcacb3f0d26,,0 BNB,$0.00 ,0.000267
0x526f021c02da901b93ed6d79cc3c218eef91876635e75d9af7a3ca5c1b3b0cab,Fail,Operate Device,46244614,11/14/2024 4:52,0x82981f0b4b64bfaea6b6b07c16676ed8c2131513,,0xeef8ad34ba9629b60bf1b3432c9f56897a28ff32,,0 BNB,$0.00 ,0.000183
0xef7b70cc0770cd7345a582997c20efbacce75574f594837982c8c31a4e479a0b,Fail,Operate Device,46117036,11/14/2024 2:02,0x83076496f59ec9d895c86303c3f79186dc138201,,0x9acd7861d4afd0db50944fd384fc198ca0e1e10e,,0 BNB,$0.00 ,0.000956
0x045cf5093eac29b1326b372651864c4a35fa6cc60ae906bb361c9ec36d5b088b,Fail,Operate Device,46618806,11/13/2024 21:34,0x57c6c974ee88a96fcf7f4bb965769f908fb140ed,,0xe025c69c97595d8f87be9be61b93550d82d79874,,0 BNB,$0.00 ,0.000436
0xe32a44658bcffb150693c1b1372f061d702472a2fd76fa7436173dec85793b03,Success,Operate Device,46217821,11/13/2024 17:58,0x2f10981493fdf97beaaf5a9881bc4898fc4e5671,,0xa2955fd21f8a6ca4120441370793208d67db622f,,0 BNB,$0.00 ,0.000447
0x296e5838a98d456a4ba6935bf20026a4825ad9061e9e717d06487b69b9b9affa,Success,Operate Device,46247333,11/13/2024 14:59,0x3febf195da7b1955e8a64b6bfcf96f3ad3470c58,,0xfa4a9a69f8889365096b8bcc6ac0454807da4ab4,,0 BNB,$0.00 ,0.000923
0x16d3af9d15ebdbd7696cfa2a200e80383497b507fc9c5b0714c9f835e5d184bb,Success,Operate Device,46732876,11/13/2024 13:41,0x228bce4bef1d46a1cedba327d141648006eab827,,0xd45aed2a5814c54fbaecab0d1dec13348d2f19ca,,0 BNB,$0.00 ,0.000399
0x4407ce5b325ca5cab14db9cd5c337b81cccf928d303dcd678ce44cc029ce927f,Fail,Operate Device,46264190,11/13/2024 6:59,0x6867ac9dfdfb67f3981046360915cb0b6d1fa06b,,0xf202fba811787bb005620804ff57e94810e89f8e,,0 BNB,$0.00 ,0.000266
0x1932f0f76eee8d425f2ed593b5beeb6ac8fbded7115bb350f68b9c8e6c79621e,Success,Operate Device,46083271,11/12/2024 22:54,0x2e79ff44c568e96206f354fbce3db23680450e0a,,0xa0def72f0a54aeb0ee4e4b9b7c2ba979380c6c98,,0 BNB,$0.00 ,0.000377
0xc5dd62770de59d9b7eb5e21cf26df9f1665fff7f493e36425275d24db32539f1,Success,Operate Device,46576162,11/12/2024 17:19,0x9a0b7e540cc35dd72812120699b97ed0f2e1582b,,0x198805676f476ea9c06a109caa5226820989ca39,,0 BNB,$0.00 ,0.000855
0x471136d78e63e1b896b506db5bf931a8564ac3a28056817acd4080268c5dc522,Success,Operate Device,46601696,11/12/2024 8:26,0x733daf12f2c4a1f52bf310e9ee4bb2cf3c4927eb,,0x5bae4feaf5bf6612f0a89dc48091e7339ae8df64,,0 BNB,$0.00 ,0.000158
0x55e8407076150deeb9c4175be5b46690581c293e9e63092c20c5310553b6ed0a,Fail,Operate Device,46136236,11/12/2024 4:43,0x40030d9e6f900d915d79e137eaf2a7ca91d195bc,,0xb20508c67cde137ba82bc4f108f7de80428e79fb,,0 BNB,$0.00 ,0.000525
0x7f53e7f3787aacc98a919b5917668cdb4743ba5653783429e402a51b6898bdc1,Success,Operate Device,46671311,11/12/2024 4:06,0xfd2d7f7e429ce93b3bc7fdca829db9e13baee1ff,,0xf77953bda2287305609fa1ea4a2479fe5f75229b,,0 BNB,$0.00 ,0.000258
0x50f15c4228e3b8cbd908f8d1b49c5144cc41820e31497370c00d45f1c7a43200,Fail,Operate Device,46920014,11/12/2024 2:42,0x947f5477a2b83bd87e9ccb5c1c76c6aa8c73cff9,,0x853256cf3e0e61c19708e1b88a9eaafcb5bfe579,,0 BNB,$0.00 ,0.000484
0x852aabd46a9e22bf4a30f7c65b908c2f940f6b3e091c7df9150690dda46dcd76,Fail,Operate Device,46863406,11/12/2024 1:58,0x9f39cb04e4801c6f9e822b328e847cf9c2309e91,,0xd3649cf289770970dc950e284b726183088898c3,,0 BNB,$0.00 ,0.000752
0xcba9184a067cbc21e39c399e5b3472a1a8034e3b04bd103b83d29976f444f32f,Success,Operate Device,46277934,11/12/2024 1:52,0xc553479cf51079ee595dd2a5e85b8f30f5a57b6e,,0x9adcc17f629a8928faab80c229f0acc39c2f4bd5,,0 BNB,$0.00 ,0.000609
0xaf8859c46e1768ad74fa465107b2d7b9b9507f258761541d3832edc08b299846,Fail,Operate Device,46889646,11/12/2024 1:48,0xd2fff03a2e1c0d1e3c208cf824e5af17b14bd702,,0x7af2c9466a706814fdf39d343553993b93ffebee,,0 BNB,$0.00 ,0.000917
0xe339b948424b3525dba16e1bf0bd109a1f6c9206ddb1d0a593520734edcfacf6,Success,Operate Device,46368540,11/11/2024 22:15,0x40ee4ffcf506356d05593c6e9d1617e83f832741,,0x83a6a417252f3417d54a0d62980a2108c9e0350b,,0 BNB,$0.00 ,0.000146
0xfd40bc218ca8174b3f29033eb20b3c9bd60613c174a6ce61b8aaf03782af0bad,Fail,Operate Device,46246317,11/11/2024 21:32,0xb87ebaaff394f7541edfa4593dc3f6adf6c7f7be,,0x6b2a005124ff220f309d796655954d55823f6bd0,,0 BNB,$0.00 ,0.000986
0x19b389ceedd38d420005fbd82a0f95e714c27e91995bef320620ff4c3b81b66b,Fail,Operate Device,46101772,11/11/2024 16:31,0xcd367f5aecab8c132cdef8922c6b7bbcac476415,,0x5c36d6a37e531bf5af23df4c73fea5c59c99dbc7,,0 BNB,$0.00 ,0.000461
0xd159fff36334f3c2cc94281b31baeee4eed3897598dee6a67c0dea85bf386ef0,Success,Operate Device,46256195,11/11/2024 16:04,0xc170a685ab51f991c700de269088689ddfaab64d,,0x1e28f6a3c618a43857973501ea9897503f7d91fb,,0 BNB,$0.00 ,0.000335
0xf34b466286ce4dce6a0f50ce7cb405a0ab576dea7c29ea894cecc9791890425b,Success,Operate Device,46789801,11/11/2024 9:13,0x8906f34c8cf08c942c0b406034bc26f4d6e77944,,0x82f42fe39250b35d156a77db11867bcf5071aed9,,0 BNB,$0.00 ,0.000321
0x3fd12ccbc8bfd034b48183e040513e0aded8dffb36e182a319f2184ae47b0df3,Fail,Operate Device,46421784,11/11/2024 8:43,0x642502d7571bc8a99945460d703cf91419f885fa,,0xe3f0349cba378d7d3d9ddef605d5f0c3af4ddf34,,0 BNB,$0.00 ,0.000957
0x21418e920c2130b565c1b0baadc629414c01c821baf26ed20f468b512caf481a,Success,Operate Device,46319755,11/11/2024 8:24,0x37d99674843c6535f720151e68ca3378b62309df,,0x724362eb946149111e4dba31998d8dcb32cfec34,,0 BNB,$0.00 ,0.000988
0x9140cf24cc5d4df5c49500bb53df849b735351dd47717f29a60d8062f00fe319,Success,Operate Device,46444997,11/11/2024 7:05,0x71f8c81c0ecc58da254fabe81a68e2ba12d3d687,,0x16406a8c9b79ba556565549758720c3612859b6c,,0 BNB,$0.00 ,0.000584
0xac06e2b6566b62b42ee236b033077203e7b962177666621121e4bb942bb76dc8,Success,Operate Device,46279929,11/11/2024 1:57,0x3a1905e01c27561468e86bc892b66fa05bf41bde,,0xd61450663ebe9cde9717a45e49f4ee09321ba38e,,0 BNB,$0.00 ,0.000407
0x2abe9b1d7ff04b922f9974e7f93ff358aac1ecdb3f72ff780a454e0d70481af4,Success,Operate Device,46439980,11/11/2024 0:29,0x7b933d6371f6d06eb6d5f04262ec9c28b6956054,,0x8e4eff601a117048d42de1b3ae32ac62fe904dc7,,0 BNB,$0.00 ,0.000138
0x4505fd8d2e00b1de7572180598a9d82dc7584410ae9039140244dfb1f9dd8975,Fail,Operate Device,46111576,11/10/2024 23:53,0xe4233501c4937ccfa44399f242235a4c86992ca6,,0x37303d1d204f1d083519b3bbf21520f15ff2b8ae,,0 BNB,$0.00 ,0.000544
0x5bb5e854299f05fdf246f71d17eef345cc0677b2f4c67d192cdf78fce663c449,Fail,Operate Device,46817964,11/10/2024 18:36,0x21b413a864b3a326708ac12b2165e30c88940615,,0x03af538e0967eb7f44e3e5333afcf5caf72c5493,,0 BNB,$0.00 ,0.000248
0x9062953df93f740c9396d7782ad2da7911e8721072b11cce8db503eec4775a73,Success,Operate Device,46482633,11/10/2024 10:06,0xc0a63fce890d51717d75bd0c222863d63efc7205,,0x7c49c7ddcc1abd337f416eaf5ae149ec69800590,,0 BNB,$0.00 ,0.000585
0x7c076ddbdb45b709be354ca1cca3403412eded64c338a00d00ba19f00f9d0a6d,Fail,Operate Device,46435120,11/9/2024 16:50,0x5c9a1367a9e3acf47bfaf75875dc937573f39a55,,0x7a439c351bb9657bdab5671f1e3a6bec0509498d,,0 BNB,$0.00 ,0.000161
0x6dde133d516031285e0883e32ea39548b909711cba41d6fae0322c90a4b40da7,Fail,Operate Device,46018137,11/9/2024 16:21,0x52ba4e52649b9c6410e20c02c2941e0c02a928a9,,0xa03c10e0f6cb701c66ce72854b74447381f5cda8,,0 BNB,$0.00 ,0.000101
0x736ae252f0de5912f2fafb676b984418a4f89128badfb72ae9f7dcc52397d3e1,Fail,Operate Device,46835718,11/9/2024 13:17,0x0e31f67c81271b9d5a417da7b01f2029d0128f7f,,0x41c788d006d3077f363b011821fbac7b1864514f,,0 BNB,$0.00 ,0.000605
0x7abfa792c12d97b20a228e95c7e17b01b1407816ab22fa1b502bf55a26825b10,Success,Operate Device,46245910,11/9/2024 12:11,0xd8517b10065f7dbe0ea9eeec3e4efef0d54f3e90,,0x9d556b645e1af4c3249c138db838df490a7feedd,,0 BNB,$0.00 ,0.000644
0x3a0e0df0716090e57584da79bcb6c04b3e7fbf945e19fa89aee21732e5fd4287,Fail,Operate Device,46914711,11/9/2024 7:15,0xd280cc83ba75b7b6ccbc0186b66764df1fe53755,,0x74030e128286add832c34b0615779e11fa51bda9,,0 BNB,$0.00 ,0.000847
0x648240ec1fda0c681b722f384efa53888a1a941bd86805a636949819244355a1,Fail,Operate Device,46738951,11/9/2024 3:31,0x086527815b508e58e8d7862f39da399f54705d24,,0x8744b2f65533aa6796631d5cfb744e37fdd106c2,,0 BNB,$0.00 ,0.000603
0xad78b0cc91a7be7b6b0d2de318d08901a97f1e00bc3983d6151705e3f758c22e,Success,Operate Device,46233554,11/9/2024 0:46,0x2836d624407121e6a66c6cc6599ca0ac9e839574,,0x980bde876dfa7443b32630a6b8aa88b1cb9dd0d1,,0 BNB,$0.00 ,0.000686
0x99a21ef37781b82f3b09e80a123fcfc0264f082dc868cd904ea7875aa711ebdb,Fail,Operate Device,46537467,11/9/2024 0:43,0xf1842fc1f3ba423d801c468a307d0c9b31444316,,0x178875554b4cf28e29c7a80811a6be19217acc2c,,0 BNB,$0.00 ,0.000421
0xf70e532eadf637b395f8066c5e6901a94572fd320bec5143025a270b6225fb96,Fail,Operate Device,46736062,11/8/2024 20:55,0x6270069f076690006d54c293732f8fb121c08575,,0x70839155c3dfc851004b94bf0ec1c6a63461735c,,0 BNB,$0.00 ,0.000232
0x8404785e2d82e4c79957d9d3a93a271b93ac58f7256e5551e494bdfaca7dab1e,Fail,Operate Device,46708680,11/8/2024 14:08,0x8305cca73d058dcce9ded7ef511e2ab34eb984f2,,0xaa207bcbe7ef31e84651297be28a7d5c11f302d1,,0 BNB,$0.00 ,0.000792
0xf16854b5e0fb82acc7de3d998b241e887ce742177fe30434567767a419ee3120,Success,Operate Device,46630250,11/8/2024 12:21,0x50297ac82ab3e6ad1edcebcb2c0a42cdefcf9a0e,,0x744bd80661916a9f10ce303199a8527dcc0a2a81,,0 BNB,$0.00 ,0.000827
0x14f3078cd134094058bff235a49330f85d5ddd6a5bac4c389bb210bb4cefbeba,Success,Operate Device,46623134,11/8/2024 2:51,0x3b5ce23f515161611403e3030ed1452d9962b0d7,,0xd85bfd47868c439818238363fb2d458a4bb279db,,0 BNB,$0.00 ,0.000695
0x6e17eacf403342ab2f5e777e01f13b427f6d74f48228b1f07282ea581d283a17,Success,Operate Device,46808001,11/7/2024 21:28,0x6ab80255ca992d5e740fbe60ac83272f7f62d9c0,,0x4be4076c3b6618fa9a1a8bc5f45843500ea523e9,,0 BNB,$0.00 ,0.00062
0xdd6e08a80eeee3c4847fbd0664890ed80accf1eb67e217b7f7c9c66b25ea968c,Fail,Operate Device,46420710,11/7/2024 11:59,0x142572f8a2b8bf39482eab352a6d847fd5ce4286,,0xbb94dcfa28190e5e63206dd9d889dcd02e8432e7,,0 BNB,$0.00 ,0.000885
0x47ef44ac9f03fc4e22ca76a8bb499e450975215834b333ab87acd5c95641d1aa,Fail,Operate Device,46074739,11/7/2024 5:51,0xf6174286229cd264bcb1834ac80e6bbe9d2bb18f,,0xcf3221ff85bc1140660eea1657b0e5fc9c86fa72,,0 BNB,$0.00 ,0.000419
0x2fea656cd9a8a34cabde758de75900f7d1025b40b6aa3b507c77f907c5b0137a,Success,Operate Device,46547957,11/7/2024 4:47,0xc29fad2f085b762757d96179dab8741b82fccead,,0x7fa6c92ef2f6f5f623047292f7bded3cb5bf6323,,0 BNB,$0.00 ,0.000237
0xd67090cf925f50cf36fc20ae09e03baa943c4dff6faed2464f3f7d289d926a19,Success,Operate Device,46618964,11/7/2024 2:24,0x031a20b5f5c955668c47f5dc57cd0887049dbb5b,,0x5b70f46fa4240463116c89d3ae925386acbf4871,,0 BNB,$0.00 ,0.000379
0x683d17c8680ffa0c411dc0e665a51238ebfd3dd106bd493e94fed52bdc56bad9,Fail,Operate Device,46493628,11/7/2024 0:45,0xdb1bdc82a279e12dd68a7be6783d8e0ecc2a6d55,,0x0b5f5c6ff8c1d49d51a7bf4735b11b9b6065e56f,,0 BNB,$0.00 ,0.000921
0xf6ba67376889b2ef741377aff6b543565f581998094b63512751a75da2c3f8a7,Fail,Operate Device,46309066,11/6/2024 23:31,0xe6c5afc5a9132470c7762958e62342e48e692e3f,,0x9050e2923fe6d4d3be2e087abe600afab5e0f3f6,,0 BNB,$0.00 ,0.000634
0x55352a755b440ded370746b553b6f9c0486b6714f9b7eeb141f7b286c7d5f372,Success,Operate Device,46145977,11/6/2024 18:37,0x1e339a272760014e20684afc704622c4631f9e20,,0xfe89b4db2743835b49ac68a12809b6e8acdb256d,,0 BNB,$0.00 ,0.000729
0x059cec0bcbb1dff5929a9041c6a3cfa42ef2e5fa24f20529daa05e2c155646c6,Success,Operate Device,46600844,11/6/2024 17:48,0x411a221c2a443b5b401f7bfc41178dab5afb262f,,0x07406d323e3dde81ae6ec983001dfe064e9616ce,,0 BNB,$0.00 ,0.000938
0x8b5d1e7db0bd37d4406d32605d5549b0d9451efc03f4125eb049b524b16e3447,Fail,Operate Device,46250781,11/6/2024 10:06,0x9cf84447d2063e59827431105dd6664ebfa6567e,,0xb5c1983994a06e2f6046e3ceb2d4d09b8c5ff877,,0 BNB,$0.00 ,0.000176
0xbafe9757b6fa45fd23aae48d3ba1481ee06c4acf593524651e07f6a69ecc05be,Success,Operate Device,46451922,11/6/2024 10:01,0x179a7f66001404e9607da054d0d22dc097a382b1,,0x2d64bbd071fe828454b38267a761bc7704aadfdd,,0 BNB,$0.00 ,0.000437
0x99e62ba148fa8d0cf1ba26b69670f25c7e2700a8529e0eb65ee6b6ecf184b777,Success,Operate Device,46621727,11/6/2024 4:03,0x5b7d0f33decd22f7741ecbdd45b844d3e5fdc8d3,,0x3381ff0b6daf8f45ed23156517240e042fbe905c,,0 BNB,$0.00 ,0.000603
0x7407c1ae45957d68c64531406c4053543f4f809b80c87a09b759887a6c5ff88f,Success,Operate Device,46400980,11/5/2024 19:54,0xf3292d914775b0453989f9a7f3f05309f22ddc6c,,0xd4791ba5394e86fd70ecd2c08c32f50b9d921cd8,,0 BNB,$0.00 ,0.000539
0xa99c46379a31e76bb6f778b0e5ceb5d90fede515046fc875863c56f39759bafd,Success,Operate Device,46385297,11/5/2024 14:50,0x1d44d9550b0329c3a202adce55f34950a2799ded,,0x845e8a9e5ee76343398096d6b991c1d657df707d,,0 BNB,$0.00 ,0.000228
0x75a132ae06a6369e9fbc0e611d50b506687b1d1dcf4914ec29b5e1960d6f4ac4,Success,Operate Device,46088298,11/5/2024 6:48,0xd3094ad728647309a96efb1d7422b2fd141cf1a7,,0xdc2d6e28c1a311fe46311881b81b240e58cfcea7,,0 BNB,$0.00 ,0.000843
0x7e032e66b63290a81bc0e0f1e6079227d3cfc6ce59040e73c979c1d21ea3074b,Fail,Operate Device,46669818,11/5/2024 5:48,0x6fc6861c8478f3aa8b3cef85d54c52bff7480cbb,,0x6663f2128f478512818b3dd95b63ca394bfee78a,,0 BNB,$0.00 ,0.000578
0x9357965ccba1b83edbfd017742ee0263c0e3a770215e3ca4af09bb87c9bfa947,Fail,Operate Device,46302218,11/5/2024 1:48,0xeb06c5500607a0b73a6677cbfd50d3bc77e5dceb,,0x4ccb03213b4357db85d70ee0d6fa8d9b5b495188,,0 BNB,$0.00 ,0.000155
0x9751eb4e72e4531e5975b821edc713663fb68a9c226c9bc73f096727754a18bb,Fail,Operate Device,46735803,11/5/2024 1:08,0x3abb4d300e98c6f1660a9c70f047057231bc26af,,0x5052a977d8008a34db5ae39781999c8a152f582d,,0 BNB,$0.00 ,0.000119
0xedeaa0ef2f85ec7e43a26a2bb74974796d0b79aea0657b173598eb72ac009a35,Success,Operate Device,46572955,11/4/2024 22:57,0xb0bceb1a06aa9fde160db7e34fa7b3fae11660d4,,0x38e532a0540f39052785dc4b53e9b7f5bff252d9,,0 BNB,$0.00 ,0.000684
0x7e4b335fdff481589eb5400f9a117cd055651b6c0efc57b77d3f7406908f8348,Fail,Operate Device,46099418,11/4/2024 22:17,0x5c6651d5f4d66f8fde990176a8d6203e2833dc1d,,0x6ec6d824f37221253bd280d3d148ffd4d2adf441,,0 BNB,$0.00 ,0.000793
0xf6793fab620052d498e4854cfb6ca00dd355c948488d2949a118e1e118a4c8b7,Fail,Operate Device,46865197,11/4/2024 22:09,0x5317fbe279228a9530c951c9f8a98bd8d318b326,,0xfa5c9adff7197d9a92f32a70fbb88d1c3053d79a,,0 BNB,$0.00 ,0.000368
0x89866ce7fb49e3a7be5796d6c9bed882e1ca0ae01b213c8b91f9b254914507e2,Success,Operate Device,46519282,11/4/2024 20:05,0x1332645c56f75f9656482f6d1946a17c43c836f5,,0x8cb58bdf1a90893bc39d3a4de7e9000d7e800962,,0 BNB,$0.00 ,0.000874
0x38c3c77ec13b22e6085cae354d2870770f7fca4ea21013c73bae700f55637ad7,Fail,Operate Device,46737496,11/4/2024 19:13,0x7f7aa251074e942c7fe5a9504df674b1283a233e,,0x072a2df12107036bcd9685b2b76e174d6a09987d,,0 BNB,$0.00 ,0.000523
0x3c6b0e0bec6d1a2efc3240d1cec4259127014e3dc3a6d47f88c921e883e140f2,Success,Operate Device,46938019,11/4/2024 1:53,0x7e8e0164a04164610c243fb14299df02d8b84c80,,0xd06c20c2d1c28a6083fd069bf80805efebfddc8f,,0 BNB,$0.00 ,0.000118
0x971af76f717b8f238b310d8478128cdab64773f0c18c6f0581fae38adc142f04,Fail,Operate Device,46981123,11/3/2024 22:44,0x50c37c2d7f213d2440116a69d8548c9474351fac,,0x9a5a2abd3cde2a5d402757eb978de15ba4360590,,0 BNB,$0.00 ,0.000924
0x8506aed64f1d4be9052539a92eb7d969de7c5f1f064b095d1849c4c64fb000b3,Fail,Operate Device,46127883,11/3/2024 16:51,0x3668d211b63216bb183761b113075f073b780743,,0x4853f8f5076031905628dcb2a8d427cd74c0fe70,,0 BNB,$0.00 ,0.000857
0xbde492371d409673cd7714cae55e33d8fd3b4af908169e7c77902c91d239088e,Success,Operate Device,46449544,11/3/2024 15:40,0xf471b6710981aa3c811e543b030255727db45743,,0xf45c45d09a1f5ffae63a58b114be128402f9be2e,,0 BNB,$0.00 ,0.000436
0x90dbbf1981b000bbeb2a7449aeb03da001dca8e07461e0203db9edee694d8cd8,Fail,Operate Device,46571189,11/3/2024 13:12,0xc9096c57838846aa0af0b2335dd6660d7112d1d3,,0x4443af3987d92e2001ab3c6676487cd59f262bb8,,0 BNB,$0.00 ,0.00043
0x9afbfbfe1e5186c527c1326d47ac900557f09d458fc9e05a80689c0103309ff8,Success,Operate Device,46298403,11/3/2024 11:30,0x77f2bc956e53ec8488cd2129947c4f89e2c87ae8,,0xf7cf255b26daf675fb792d30c9d98bd6496df628,,0 BNB,$0.00 ,0.000367
0x91ee17cc6fc18a3938420c226139a2739031cb12f2819c4a706f6361f9f1eb35,Success,Operate Device,46774004,11/3/2024 6:51,0x2c9caa61f621ccf6095b038edf4d5ece2ca85dc0,,0xc16f6b2e702e17f1c038a6069b14db9d3113e56a,,0 BNB,$0.00 ,0.000604
0x12c7d9e8e42889f602ed984df0651f68ce52b5cd75033bd4affa39bdbd62caec,Fail,Operate Device,46438815,11/3/2024 5:25,0x2ee58cd78034b7a9313ddd8bf35491bbd741363b,,0xd25aff93612a8a0f6c7ac9883222a83a0996daea,,0 BNB,$0.00 ,0.000798
0x5db4ec22144cc3f2508bd0d0de03ff4c030378f753027c956b9e67a1d97545e7,Fail,Operate Device,46088451,11/3/2024 0:31,0xa07640ff4a81e2509f30f5cd45c009de707a8299,,0xae5e2698a0099f476946d6c377cc9d4a905a9749,,0 BNB,$0.00 ,0.000121
0xcbab07a63ced3e7ec502e11431e77df38f611c0849e1bbca7deda7af54db21b7,Fail,Operate Device,46910886,11/2/2024 20:40,0x6014ca5685fffe23dc55a7bc17e5215026bb2616,,0x2486b9edcb6e5aec9470eb131211fe42b5423788,,0 BNB,$0.00 ,0.000726
0x83674b4d43f1c6419da02befe60aba9fcecd7b9134ecf6316b0c1176b6fb9164,Fail,Operate Device,46013489,11/2/2024 20:03,0xdde919865bad3a25cd6fc82e461a1b3e01dcb883,,0x8b9da2f9b35d299a3695142446b8209ab96b6324,,0 BNB,$0.00 ,0.000189
0x39b260015bb5fc28c3584e887a3dd73f0c9a01106afb0c89b62fca2850b8ba84,Fail,Operate Device,46085510,11/2/2024 19:24,0x24ee2faa3c9f0caea974480b02c6d9c496708af8,,0x3cbe1e8830b6a440a576a5de866bf81285cf336e,,0 BNB,$0.00 ,0.000124
0xf03ede1e520f1637a7688132ad882c4ff1b938bc959ad97057f120163b920c19,Success,Operate Device,46318754,11/2/2024 19:14,0xe8ca93ce300c45d06342e0e83be456bad33b8591,,0xee397962fe9aa1a327aa2a306a10905f96e0e36e,,0 BNB,$0.00 ,0.000396
0xd6bd89d13f97ef948326c9569d7c3c0eb58003f2969165e8d2c9d1bbe3bf104d,Fail,Operate Device,46003530,11/2/2024 17:19,0x309d12ec06b66a20ce64020c8f00e550928f7c7d,,0x00f34bc75a8c6223c6f1bdbadbe3412b08e8470b,,0 BNB,$0.00 ,0.000217
0xee3805a6c06344453b9bee2e0b2bd7ed3c65dde8985d97979f2aa485959bf76c,Success,Operate Device,46637141,11/2/2024 15:36,0x4031ca89d99f0174bd4a874363a202458e8bed3a,,0x6e1f2c83a846139bc9df9cc46b713fcf0148b642,,0 BNB,$0.00 ,0.000697
0x7833808b81ef9590b132c35f20a0485f7fc949a02bc706bcf9f69a8465b86c35,Success,Operate Device,46923549,11/2/2024 12:32,0x8af9ab97435c3bf2b3e502451c60cd25d0d66cf0,,0xdfb804941b5d82bbdd92efb2e81963ae446f266d,,0 BNB,$0.00 ,0.000343
0x4919627c858b3e93d582850c2bb5d0983ac4f8f735095ac3025107798a46d96f,Success,Operate Device,46882739,11/2/2024 12:18,0x65056ea109c7295d86683f3aed57294957124250,,0x98205cc528349a3df88090ed56169c61d35470a9,,0 BNB,$0.00 ,0.000992
0x0f8eb6a03086195ddb553b8043a810f57f6fbc4d82fd29634d54bcb1fa10ca38,Fail,Operate Device,46751241,11/2/2024 11:37,0x3b13befac0ea01a1eb66c061c0ccb471c84ab187,,0xe72fd67fcf254c0998897c522f20d24e04c40842,,0 BNB,$0.00 ,0.000962
0x009a23ef9863027e801f713a82b158e691242cde35ca30a0e082dc60e2c94c33,Success,Operate Device,46438248,11/2/2024 10:34,0xcedcb01d4f3802e10e55d7d9bcbfa854c39b6e34,,0xac3c97a4163b8328f0857680c5ca2177b9dc22ca,,0 BNB,$0.00 ,0.000978
0x1778390b9e8e3eb07fa6bc47d7b0981ef8b44a9b9b24616fe660c2bd72aae2d8,Success,Operate Device,46720303,11/2/2024 10:14,0x3c294216d2a44b12212887d9facb1e13f33d7e70,,0x8a51a8daeac9e6416522516ed685666c612d4426,,0 BNB,$0.00 ,0.000595
0xb4cad0c27f27dd73cb3165bc3f87bbfce74794f318c62760dc4dc92272beb65d,Fail,Operate Device,46226324,11/2/2024 9:31,0x0482c768de6b8beb67d5f40bac80dd4eb575bebb,,0xd8623612ff220691c79d3b29787f091eb31025f6,,0 BNB,$0.00 ,0.000171
0xf009055caee7e8db6b3e85ca8e30f42372f213959a50ae2e5392a837f70e92d0,Fail,Operate Device,46735337,11/2/2024 6:03,0x6b4b0436eb2ee510c88bf4d8ca94f622a99cc042,,0x5f4b37948ab30ac7363be6febc32ec16de0bc031,,0 BNB,$0.00 ,0.000944
0x19ff806814a4c29e019e319b9dbdc00d745d6eeccad586e4b378eb87f61b1f4e,Fail,Operate Device,46570857,11/1/2024 23:38,0xdf4278863b7fa273c9d5d8c563711115e845b099,,0xea1d146a3f16fcb3d508d2487e0a9ee6a6f52efe,,0 BNB,$0.00 ,0.000971
0x49c95f584b6710c25fbe58aad4bd7ab51f09be694d8ba4577877f39952472d3d,Success,Operate Device,46778731,11/1/2024 17:23,0xbdfedadf50faa617e5fdc1826f7ee3e10411a0f5,,0x92db7ebcc1b72415963d6ca1968ff7e501277815,,0 BNB,$0.00 ,0.000964
0x826661c52ed1e0d335a79dd386aba59f89a13a3c6192a67dd8ca686faa330c9e,Fail,Operate Device,46886026,11/1/2024 16:27,0x11859db64ea615649aa5080f01b8c09eb43d7fde,,0x36484151eca45a8a9cc88a3dc5da1992bd103ffb,,0 BNB,$0.00 ,0.000798
0xcfce10b1d1a3171613ec5872596c2fb10b943f5a812eb15cc799156df67c8e83,Success,Operate Device,46136383,11/1/2024 13:38,0x85f73c95d33ccbf0f33cdab5a7b593e54ba48e09,,0x0f4bdbfa49e4c7d4956f9ef9703ad5c5c2dfe280,,0 BNB,$0.00 ,0.00049
0x03eff297cd27a30dc37360d2780bd7186f86082ae488d0ff979f2013cde4cbcf,Fail,Operate Device,46281983,11/1/2024 11:37,0xd4c86cecdf7a0da4611bbc1621710515640dec2e,,0xf7096e61d098d6040c7537519fe12107b377b292,,0 BNB,$0.00 ,0.000355
0xecc495bc0c93c65c3538b04f51f0e1f5eece805dc9a142aef3194ef162c4f59b,Success,Operate Device,46002311,11/1/2024 6:28,0xfe8cfa45ce0642869c585f396df10655ec5a1752,,0xd4117f61af6462daa17a3ecbfc680f0979a1b0db,,0 BNB,$0.00 ,0.000328
0x7906558ee6d5bb576530001791dde1d03ee61cd8a1180391b9bc84dd2d0940eb,Success,Operate Device,46502231,10/31/2024 19:45,0xe79ae19d62a9aa8ac867f88c93de178bf9ec756c,,0x53badf0f86ea8a9d57eea020fd892711ba8587d6,,0 BNB,$0.00 ,0.000106
0x0a9741cc7e9f57657c0ed0035c78c1373ec2ac2a792b84cdf4ab97d330c07199,Success,Operate Device,46824136,10/31/2024 19:09,0x6f56b5b706721a654262f84b777fcfc63c6e8b16,,0x736cc846f5f3de20c19f09754fa024e03956574a,,0 BNB,$0.00 ,0.00035
0xd7370ad218a9d11a1b7cf7b6b6585005da23b0d367311339612e41f29f0850ef,Fail,Operate Device,46482720,10/31/2024 17:48,0xa7894a880e365ab916af88fa0cc02f1a430f5073,,0x1913f264ad6adcc0d490b5df409a8a9b69cc9537,,0 BNB,$0.00 ,0.000383
0x99b3e818dc04364411fd8d2be149b2ce508e27bbb202f2b736cdb6ccf633dab0,Fail,Operate Device,46788879,10/31/2024 10:34,0x045df817181df25fdb9a27a1d83fd9e226da6040,,0xd89019060baace7c52ee92af273a4245834a4140,,0 BNB,$0.00 ,0.000229
0x76c696c39deb1c4acd539950e1c54bf5481ff0e9c27d1b11ec4da63b00cd4d0e,Fail,Operate Device,46553847,10/31/2024 10:29,0x45721af2fc42679c5745cfeed4e361a4f4234ff7,,0x0a57eefd6668af25870120814e386cc0b7dab5ff,,0 BNB,$0.00 ,0.000853
0x15984fca1038bc81f02f29b8b4cd562abb88b882f0da67ce4009e17074eead03,Success,Operate Device,46092625,10/31/2024 7:26,0xaa1c8e062941632b94704ac9a78860fde689af98,,0x161c995d81105e60874f75377ec27cef4abbbc74,,0 BNB,$0.00 ,0.00073
0x581d5427994cd56fc23188ca8a8ee30b51740f111ab705d04f06eb48cb203f66,Success,Operate Device,46818275,10/31/2024 7:26,0xe9e2b18d825fa287bff03bb50bc1c377cae9dd1d,,0xc4c1104e835316e002b5dd9268f067070896b757,,0 BNB,$0.00 ,0.000156
0xe4b2b2e51cc902550a7fcd01f1569a9b713b7e48e7b43eb236e43e594ffef169,Success,Operate Device,46359723,10/31/2024 6:09,0x25a9bdd83599d50a344c06f155edbd426dc27626,,0x5ab6e5d18270a077d080aa760c816f5b2517cb08,,0 BNB,$0.00 ,0.000486
0xba512df10cc5e2926c4a59ecdafff9c5691383d05c831916984d32d21a7c88c7,Success,Operate Device,46324282,10/31/2024 3:15,0x71b2a68b4a18438f99f5606c567f3567aa21269e,,0x97c1a5f7456645d7ba0221c890619747b6fab1d8,,0 BNB,$0.00 ,0.000767
0xd52709a741de65d6b921c0749bb1608eda447b1fdc5910c5b7e3e2bc9a246fa7,Fail,Operate Device,46743404,10/30/2024 18:54,0x20c612a51000307a3fe19533faaddebb38b674da,,0x70b7e41d2a9ba8f0f756d0a7d0fe0bb86bb21f8d,,0 BNB,$0.00 ,0.000147
0x15abfd0f0a99bb4e1cc91ffc3e3a1dfcd756298207ad5420693f5f2188de2b26,Success,Operate Device,46452027,10/30/2024 13:19,0x66cce20dacbf63d19ceb6fbaa3c17fb9b417f1a3,,0xcf3a3959717a63ff700306f73164b7cdd87cd656,,0 BNB,$0.00 ,0.000857
0x3bfcd39a2f8d4c7608ec2e7970de16afa831a1813ccf8d53f6970852e448dc46,Success,Operate Device,46936626,10/30/2024 7:45,0x4e7c007b8b1af5f71207a8d960ff71c09fff9b45,,0x37a14427e9f550791e021452b56486bbb2be0b3c,,0 BNB,$0.00 ,0.000146
0xeb52171f7b2d3bd8abfd7de9e28b9ff213b6a0f0fefae8690dcf8c176d8b067d,Success,Operate Device,46412528,10/30/2024 6:23,0xd1e8dfa8b0067b0ae3075b6f6f216df518ec064d,,0xe326a8e5454e6577858fca3d01dd1cfc19b63b91,,0 BNB,$0.00 ,0.000795
0xd29b4fd99da8d2b8643d3eee71ab7c6e5bf70a134aa069b2192c11f40ae37167,Success,Operate Device,46787607,10/30/2024 4:09,0x7523cdd83116889132daeaa5ebbb8cc182cc2673,,0xff44c828a134e106749d0f0bee61f2cd9ffcc0e0,,0 BNB,$0.00 ,0.000333
0x4e38915520a249822b46032e4ec99c5d88044c1f06f027622e6a8b58c3688a63,Fail,Operate Device,46464280,10/30/2024 2:53,0x3b873d474762ed8dccda2dbd5fc3686a9ad1b456,,0xd529cd0f526f99d8b41574df8ccf222b7755406f,,0 BNB,$0.00 ,0.000999
0x14444d3ba65ca0e9d0a966b75e61183bfd46ddb8fa7b09946f5a598e92627136,Fail,Operate Device,46818882,10/29/2024 23:29,0x3f2089a54a3255f23278153a3ec9cc1660bab2e8,,0x38a1eae03762b6b89819cd0bc0a656219e194657,,0 BNB,$0.00 ,0.000108
0xf34cc898a4d16d1cc2c2791b198945f4eeb2ffa33f75e57f746180c0d8dbd0cb,Success,Operate Device,46068799,10/29/2024 20:54,0x1b7d8c69fc9eaa2fc2d959abe3e0dcdb339c404f,,0x68f16866bc30ca2ee8dde60b6bf4dc7badb3d8c2,,0 BNB,$0.00 ,0.000813
0xb3198c1a98e543828e3ea554d9077ee528b64b13b88a1f8d9c6629ff34fc72bb,Success,Operate Device,46483073,10/28/2024 16:27,0xe844ca1b07f11f443bcba1112c655923c598fcd5,,0x80329e30a96496cd07cf0ac20e05fe976f3a1578,,0 BNB,$0.00 ,0.000549
0x165fbde539bfb2964451a89c4bd5862327ad8dbd30f6421383dc9db1fb3b8a17,Fail,Operate Device,46563374,10/28/2024 10:36,0xd2f872caf9abbcbde55ae38f1b29977a92da900b,,0x0a81cfeef08aa4f8dcc057944900c6b51c8821ce,,0 BNB,$0.00 ,0.000312
0xc5170abdaa2f96892a56b293df844faabb792bb4608e2b23365a53317fd31934,Fail,Operate Device,46902928,10/28/2024 6:41,0x4898d2f42051995d9790ae3d866edcb9f9a792b8,,0x2168442bc164c8291ce419ae2a2efebba8bc98f4,,0 BNB,$0.00 ,0.000971
0x1518014285149af3c5e2bd444dc063b62987050ea4d86148c03e8b546506e655,Success,Operate Device,46582135,10/27/2024 19:17,0xdd4c7b668b049b9cc607725f90dbc22820381ef3,,0x06057efdd377c1ff0737993f0583c3b446f10dd7,,0 BNB,$0.00 ,0.000428
0xa6135e1b70b1da982114d2e450f27a282a8f3c89810970a55edc0aa516b8037d,Success,Operate Device,46011805,10/27/2024 15:41,0x4c4cc0024b3943f76d6ae22ffc0fb87e300605b6,,0x339b499fb72801176ba0c7ba6382d2e017389a0d,,0 BNB,$0.00 ,0.000102
0x26c5b1b6e655adaeca925e90ce1e3e0069857eb24d9687618bd19dcd9baced85,Fail,Operate Device,46608103,10/27/2024 12:49,0x30b014a2a60ca70cd29df4e82c30d09fc5480ee1,,0x1c1cdaf812baf7d400d37871e0eeb6aad3fca2e6,,0 BNB,$0.00 ,0.000881
0x61955aad01564b18ef8ffcdea0ba3cc6edf041d15a953786be374e742c3b3ef3,Fail,Operate Device,46828213,10/27/2024 11:09,0x226c54c63e3e759904d85550fc7aeff6859c287e,,0x0e2e17838d911513c5f0068bfbdf7674c780c95c,,0 BNB,$0.00 ,0.000366
0x9cbbf3e8a6628a69e2ef221aa7119b4708183c2c9da244f1975850cf3f2121fa,Fail,Operate Device,46889198,10/27/2024 9:48,0xeb8ab193058b700f8af96f78ce1d3929c3083305,,0x45d6f3d4a5bdc556db7632f385f3ebfc8ad9f704,,0 BNB,$0.00 ,0.000988
0xff07bd140175a881d3d1cb9ca30fa3ecd028245ba5a1688ef315db5afa00202d,Success,Operate Device,46851554,10/27/2024 7:38,0x942cf47fc4be920549663d49aff7faf9a77e7030,,0xb28dd4e8d78b03a9f624b81959bf276275c37f37,,0 BNB,$0.00 ,0.000822
0xd8f03ee47d5ee8d3a1273058702653328c1503ebd16b32d6c284739d95599456,Fail,Operate Device,46341633,10/27/2024 1:09,0x6d1aaa2408ce57a927955065639d560a9d4a3557,,0x21f1893397a8dc097c07094806003f97fed8d593,,0 BNB,$0.00 ,0.000587
0xf6c5091b05894079a835bec4e4309d9afc69e279b6aa32932af338045e7161bd,Success,Operate Device,46838636,10/26/2024 18:00,0x7e4be46ef68ad60dfa80342eedbc998052ddf4ec,,0xc69345e83c6a4aa544f13b3b867e6aadb1e86e18,,0 BNB,$0.00 ,0.000619
0x3dfa0423af48981cab6aaa77017688082c3668f43169363b1fc6d522d540110d,Success,Operate Device,46112722,10/26/2024 13:50,0xa32bef5201d7780c163b10ca4ef9011f5dccc508,,0x1e521931e08d285c8155f3dc77c42e4a3f62de8e,,0 BNB,$0.00 ,0.000288
0x76e2d9c4e1d0dfc5414c61087fe24db37e8d0fd1fe6dc8c17a7da42006867bc3,Fail,Operate Device,46483899,10/26/2024 12:29,0xd7ddc401c9c0632183c6a0135b683c6d59d39b2a,,0xf92cd640fa8418618785f01ac986fa5b7ab01555,,0 BNB,$0.00 ,0.000371
0x8620e36ade7e0947faa9bdd657f7f4dcc34f1aa135e280150d8f908a970577e0,Fail,Operate Device,46650030,10/25/2024 21:59,0xe326fecea08828790f84cd9574a603d76b087230,,0xd0e6ec90da7dcb21c6a710cbd338f0acadf0a035,,0 BNB,$0.00 ,0.000272
0x20aeac3640d0bf56700b3f55d4eff29c6acf6c1a24ea6a81e876fe06130a6ba1,Success,Operate Device,46525310,10/25/2024 10:58,0x1b4e7b81a9539dc51da7486045fabcc9984a9751,,0x2a5a81ac8d8d1f300aa45edee6a777f8df6d2431,,0 BNB,$0.00 ,0.00097
0xf97245953fb2ed57722648e9f9136bfce69108c73cd653b031d953f0807b9d3e,Fail,Operate Device,46811742,10/25/2024 0:52,0x85dca88991a4839d0955932b3fba9e77af8d0222,,0x35a1b928587c9c651c835f8bdaefb4799c23b3e2,,0 BNB,$0.00 ,0.000843
0xdbbe2e8485ada6114ebe478546042d8abded441cdf20ed2cc92764a93a7d4e73,Success,Operate Device,46661817,10/24/2024 23:59,0xfe058e59b708bcc6dde699428706e99b31151d0d,,0x75a9ab360c24e3c548b76c80c47d821f3f3a2db5,,0 BNB,$0.00 ,0.000982
0x46c0947354883f344ca3d756d74e77dab600f1286ebd4f68ed56f1eacadfc160,Success,Operate Device,46834114,10/24/2024 20:27,0x7d6fa516aac963de141c773034127d71aefe0a45,,0x92b8a42c248c987ca2dac50a364b6587bcc96a31,,0 BNB,$0.00 ,0.000239
0x231699f6f189f3509b2cc28068e8c2fafb62a95526ed0ea6aabc212bfc21087a,Success,Operate Device,46243043,10/24/2024 19:05,0x2e86c591698e0bf57a55cacaa447c0ec2263bddd,,0xe91301ab824018a75eb5b063e3fc57b4889e4aa2,,0 BNB,$0.00 ,0.000786
0x15a389b72c0191cef6398f7446f7daa07d41f4dd29ddcff64cdbd350b3a79135,Success,Operate Device,46444042,10/24/2024 17:21,0x027ea3c18c05cebd93dea3183931ec57c69e039d,,0x99dca0c4b1157581c8911757e859fbc981286d69,,0 BNB,$0.00 ,0.000281
0xde723f270fa0bdae3ea0765426d3775cf7970d889f9f16f5a6a92917c7385299,Success,Operate Device,46345674,10/24/2024 11:39,0x9e1298c39f112f3c2d25d596dccac5378bb0c139,,0xb23b70ba630b354613d317f563ab1d7bdb6f9347,,0 BNB,$0.00 ,0.000579
0xee8e29719e77fbfc58399f90858cf297f925bc86fda392767f82220b0c983407,Success,Operate Device,46214917,10/24/2024 11:04,0xff1753dc94ec1a73eb45f0e0335eb215baf58344,,0xbd9d85e1c1162c5c0d2ad1afb7ea7b43f3e5f89b,,0 BNB,$0.00 ,0.000253
0xb6a39c1eb97970371e7b99fac9efd84b1c422c813270e66f54c305a1bb604d8f,Success,Operate Device,46510494,10/24/2024 4:41,0x933d022e364a792aa4c3493111c38c533f15aef4,,0xf1322d3e374327a2a635bdffb52a8f9867cfb8c1,,0 BNB,$0.00 ,0.00053
0x98d7289b0bedd3ad94c5337d659c8de25305529a9996e5dc512bdb4d7c000941,Fail,Operate Device,46002673,10/23/2024 23:38,0x4da57332885cee4a09c7e4d1547c69496be1ab4c,,0x3abfcea064acf29db8ce81f1dca31e3cda6ebfda,,0 BNB,$0.00 ,0.000373
0xacc746dbe6e9f0bb93d86b150a64c3bf8ba8d35db8ee9b0a373e6bcfbaef0d75,Fail,Operate Device,46872038,10/23/2024 15:10,0x7bc488107b64d5f9cbe1c4df249281502f00751d,,0x44945b14abb08fb6b3e61a890eeea0c92daa2f0f,,0 BNB,$0.00 ,0.000727
0xdd1b72fa048aaeb8f1e25762bc5249f4d18bcf99aa976d70f1625ef42291675e,Success,Operate Device,46556089,10/23/2024 15:07,0xe6519d09f14d83964d3403e00b6efaa7e944c303,,0x0f5072ce6590ddd62e57f0e5694abab4bbfa2dae,,0 BNB,$0.00 ,0.000495
0x9d58bd791b6a9c94d3dd7fc1547aad4a6681325f0626278ed5c42950bba7e9ac,Success,Operate Device,46862133,10/23/2024 14:49,0x2970f03e3ad0d2ae93dcb67218fc2d9f603331a0,,0xf854b55298edda2c0a5dd7c3b88cc3e3e17ea7db,,0 BNB,$0.00 ,0.000656
0xe25420cdb360cb26beb5b634b878fb8a030b3087457271c682ebf77725a76563,Fail,Operate Device,46400595,10/23/2024 6:52,0x5ed3831cec4f45642165d9376fee211d6295964d,,0x17953b88853f098c0a41f3957c08481924f24ea7,,0 BNB,$0.00 ,0.000771
0x49474ab838e68f4fa62de21b57103e8dbe0c865078752bc8c17e51ba7657ee2a,Fail,Operate Device,46831447,10/22/2024 23:10,0x9589a6c906b70b0e0cb60e4730391284e6804b5a,,0x574c70b49a8b6055af77acdabde57355fa5e5e89,,0 BNB,$0.00 ,0.000902
0x99c08d1b7cfdc4805b652b6153e9b3d91c265cadd3147b2204f3c0f6d23d461e,Fail,Operate Device,46489990,10/22/2024 17:59,0x771d04187d6573c2de9c19600de4859aacedb754,,0x0ebc553cd427646f3a1a0efd7f8d76c417a0ec97,,0 BNB,$0.00 ,0.000901
0xc135fe2483978e3ac8702b6b490bca9a607678604b8012885e14505d8525c368,Success,Operate Device,46145234,10/22/2024 17:27,0xfc6a3ef63d98521ac9ac3c21e8bf3429eb822417,,0x57de801aed51f0a8a673cb778f93544b79186d7c,,0 BNB,$0.00 ,0.000516
0x6b01a8951a892e4958f9bf3c0c5903a5ecefaaacac6997baa36b2f08d09a285e,Fail,Operate Device,46271122,10/22/2024 16:57,0x01c313d3bc541ddd7c08f97a1ea518f9b7f79d15,,0x8ec4dc0593d124c17ae69fc21787ac021af8cc24,,0 BNB,$0.00 ,0.000579
0x20058234147805a31ee41ce1883c9c90bd773ec971365267d587447ec3a32b55,Fail,Operate Device,46566485,10/22/2024 16:34,0x3a00810210ce159b4af9b51f5e4fa63addb23e3b,,0x3619ec14cbd2d4a15fb6808eacf6dec7c31f9384,,0 BNB,$0.00 ,0.000273
0xc7bb817975b6ed6345827407da660adbb0038e28f15265627c1a15ade85f7891,Success,Operate Device,46229505,10/22/2024 11:31,0x3fa8a7b5304d6527533e556f622891ebca8a9e4d,,0xda7486459178427c1379d53c791caaa5ec6bef9a,,0 BNB,$0.00 ,0.000661
0xd8a31dfecff7ad2acef074e55240b5c72154c215aa43d6c97c47ad0798cf05c8,Success,Operate Device,46605967,10/22/2024 10:42,0x63fe93930dbc470ff2fa62abeeebb31414b04146,,0x255410894a197ed8811c1ff65e8231510fc3c295,,0 BNB,$0.00 ,0.000963
0xf7f5434c21cfd26a5cc61afc375150f8aea7ecbb2be0e55cf5dddf73e738eea9,Success,Operate Device,46139244,10/22/2024 9:49,0x81de6aa6433416430fadf7de2b39b9698d6fbe52,,0x646845439ae9d26c79224519c0c00cea8bbd69d4,,0 BNB,$0.00 ,0.000289
0xb17ae3375385c4ca4e57ea204e51c48566bcd4b79a845c593de32eb83f172176,Fail,Operate Device,46809605,10/22/2024 3:00,0xda49ea9b4cc8b93d9565ab0317e63393cd5c5fc2,,0xd35a988254422ce6711ef81283e5b258b64c51de,,0 BNB,$0.00 ,0.000509
0xdc1e771b2acda2f32f3a3b452bb9aae0382c8c6c395e249cc05a536805a8a3ad,Success,Operate Device,46047413,10/21/2024 21:44,0xd741fb4f64ba12ef13b9f6e93231537664d5edfd,,0x727d1c158d5ebb2f2d37fa9dbcc566d59faef7e9,,0 BNB,$0.00 ,0.000205
0x62557e3e90aa7f55eaf0ad00c87270364d6f53cbf1e92d42669bbf496a9e3809,Success,Operate Device,46192686,10/21/2024 19:11,0x74908838cf10c86494d177d88517f7d06653195e,,0xf282d7736e89c10d906c5bd0bc955ad1a328d864,,0 BNB,$0.00 ,0.000573
0xeacaed73ad93bdd43016d22d557bc441aa0951c6c1a8177e5778daef98b30a46,Success,Operate Device,46273080,10/21/2024 18:55,0x16380f8c27d8f5b976afd067fe4d6d56697bef7f,,0xfd95ba879ff4c56a12cf77754eec91ad005ef490,,0 BNB,$0.00 ,0.000278
0x0ea9368dc461945738cc61dcff782bc1e7595487843f615e7282a173ea085545,Fail,Operate Device,46104276,10/21/2024 18:12,0x73d549d9da70702110fe8cec588f323aacaecac4,,0xcafc0ad48ae44ec454a3fa608a0230b85a7c5e58,,0 BNB,$0.00 ,0.00024
0x38aa6836ddbdec6f114f139d52f07e008c89388c3d1c690ec285c79cd65feba7,Fail,Operate Device,46355498,10/21/2024 6:18,0xef769e830157f465a8c2e5b1aa07c3f36352a6cc,,0x821c237fcd1b1c30e0c3b246d8aed942fa0283da,,0 BNB,$0.00 ,0.000376
0x4f5f6c9d1d2427dcf3d14c52cb042ccb4df546d880775b87fa62c97dfed41f31,Success,Operate Device,46776837,10/21/2024 2:38,0xc64f987a82e04d0eb19f70bc5321dd3efb56d8ff,,0xdaa61c1f8d9ae271c6b9556f089ca855176ae5f8,,0 BNB,$0.00 ,0.000453
0x50a9c839394ee5281e60ff3dbd47546dfe6704ebaa20c639fc703751e80b43b5,Success,Operate Device,46940591,10/20/2024 14:56,0xffa16d8a9e2c9b4b0dafc9630de912ba6403779d,,0xe8805ac0ebe3eb71184abc4beb3d544527c25948,,0 BNB,$0.00 ,0.000229
0x24eae3bcd656ca7a5ec98c914288f3a71b3b3ca27ba525ea7a991ee9716801c7,Success,Operate Device,46236282,10/20/2024 10:43,0x49b3e0e9638ad910df7f1a20536bba39f7c01acc,,0x0ee75a40b308fc03a7f01203a620aafa336217b0,,0 BNB,$0.00 ,0.000863
0x037518e0cb88a82ea10ae576242eb62c32b95dd04c003819c3325e0a80cc227e,Fail,Operate Device,46079257,10/20/2024 4:19,0x30386af26b26f7afe551ce88d3ee2740fde715b1,,0xb3e76270f33b5c18b2d87ad4483f7c3852e207ab,,0 BNB,$0.00 ,0.000414
0x15a070456523d8dd8f463a4690657f155723b17170dde70f4e36c9ff02d33087,Success,Operate Device,46681856,10/20/2024 3:06,0xce3b9b1c138c8c0334af2483d59971d96df6fe22,,0x0453c62f74d5e612127920be1d7cb25d7c78870e,,0 BNB,$0.00 ,0.000587
0x4945012408baeef12545b764f85a55091bcd9fe2ab62811a7ded6887e164131b,Success,Operate Device,46054425,10/19/2024 22:43,0x1f36ba0346e19ba8c48ab03a6ea63f4cbd7dbc37,,0x30edf9cbe51df6a8f0d1a0bcaf9c9288275f7d3d,,0 BNB,$0.00 ,0.000413
0x1a996eb221142c24d4a09f7bc52c230239d3e826ffaa2de9b01e058f280f339c,Fail,Operate Device,46477321,10/19/2024 22:21,0xf0d217b97949f24ca36a0aa44176f4d0a7201edb,,0xa9b55771dacb5091bb926a47310cf316377e40d0,,0 BNB,$0.00 ,0.000149
0x04ab03643a9868eb5a6e394827719da7f6e81a8cf928c256cb05808c8750ca1e,Fail,Operate Device,46966418,10/19/2024 20:33,0x75b95eff0f492897e9ddd843efc7873845c3470e,,0xe9cc82fc570c3f0cdc4fad411f04019ce44c790f,,0 BNB,$0.00 ,0.000194
0x8a0a5411b74e3cf649b0c54a0d65f4cb0b060573b1e294fe8e50a4cc8fdc2289,Fail,Operate Device,46474820,10/19/2024 20:16,0xf04ead3aeb4e8b5da37baf80ddcf3db429e0c075,,0x8de79fdcd42d968a29b6b679876e9889ce53bf79,,0 BNB,$0.00 ,0.000654
0x67f9b5f0dae1335d74c1127f29783166e92d00ecd3c20077226b0ee3c8d5d097,Fail,Operate Device,46414533,10/19/2024 14:03,0x56385f9fa99761e04dcfd8119a6fc70edec74b20,,0x793bcd6a6364ec1fe966097d17db0230183850eb,,0 BNB,$0.00 ,0.00028
0x7963c5c4e39756471d2bf0ae65b5d9b347e1bee6285ae35169d13fb26ffa0c45,Success,Operate Device,46516793,10/19/2024 0:44,0x288c27b11bf3c64941b4f8f342902e9192c4697c,,0x2a2a004c7ce5ac4770b7068d05fec3dc9858bde3,,0 BNB,$0.00 ,0.000297
0x2cc86b07d769ef2c11baa87072fe6efa35426e31434d11da62044689e4712879,Fail,Operate Device,46134312,10/18/2024 16:27,0xdd62f6f8e7a0bb59050d83e07963ecdaf41fad43,,0x4b9d023240ab4a51ac5386fe89438dad79ba4d40,,0 BNB,$0.00 ,0.000469
0x8f97799b889bd96fc829a2e80e9db508181fbcfad8814dc9c1a625cb64163863,Fail,Operate Device,46095403,10/18/2024 10:05,0xf43580ee1a184bae27915a3b42bf5fb2290334fa,,0x451abd4d697230dbebbd482dbb0a76aecc0e8a1f,,0 BNB,$0.00 ,0.000117
0xa2a51c34fb110d9b0354ad8a08408232e8e8a048fecd06470f9c4cdc8866acdd,Success,Operate Device,46410136,10/18/2024 9:28,0xdd4b8fe879546529c37051459162ae30610a9f52,,0x18d47424116e4629dae1e6c48c7a8e59db79fbec,,0 BNB,$0.00 ,0.000226
0xa67425f10c6a9da20bf0ec36af380c7e7dde1ca626dd073260c868c64e5132ac,Success,Operate Device,46208555,10/18/2024 6:32,0xeffd2b1421c566f704944cbc80a4426fe3099343,,0xcb285f802bc7b910974559af68fb544ee1e8505c,,0 BNB,$0.00 ,0.000788
0xbbe2779154a7ce195af6aaefe9e7b859fd62e6a38e9d5cd4b169116cfa1cedbb,Success,Operate Device,46846297,10/18/2024 4:03,0xdf5fb187ab68e70535d154961e2c7de7fb5d32da,,0xaf9f27e8d906f61eb2f5d2df0d87831dc7a29350,,0 BNB,$0.00 ,0.000521
0xc12f98a9f755dd3661daa2a4f3b83b99421d7d110352d37831c206462844f826,Success,Operate Device,46969242,10/18/2024 3:21,0xd838c15409e93e76392f412c96fb657b145f18fb,,0x441d4876ae111affae8d3506f7ed8b5d80c96e57,,0 BNB,$0.00 ,0.000897
0x34c0862ffae96d59d3d7ab80fb3f33d7335a3a48765b0a40b2da782525d425e2,Fail,Operate Device,46424093,10/18/2024 0:52,0x387b800ff6f1b801b072712139f9add531dc433d,,0x6c38946fcd20767533c9a840e7a829c924e98e8e,,0 BNB,$0.00 ,0.000827
0x87f3f87d5601aa5d1856b6f56deabba8667cee9a5062c3ba93952466ff371432,Fail,Operate Device,46479824,10/17/2024 23:36,0x71defca22fe9aa4ea927a050b848f3193d23201f,,0x64671e06c0bc5ef6b38a04535ead8f7651223c41,,0 BNB,$0.00 ,0.00047
0xee1d2ce368949864259c423733eb0cbbbbff2f77adf65f15344f7a235739c027,Success,Operate Device,46433181,10/17/2024 20:36,0x44f724d4fc60823dde936120ab6300daf27bef6a,,0x5130c29620f81f785b897c3199771d676d99e8f2,,0 BNB,$0.00 ,0.000452
0x04c006dc80564dfab4ee693886f2c7a8d77183a4cad5f393f016f1da19d6aaac,Fail,Operate Device,46778936,10/17/2024 16:38,0x7717e0d0b08afc756e6e70989671f03a7dbbb318,,0x6a9b03aea569ed7aeee518590388bbcced488ed0,,0 BNB,$0.00 ,0.000361
0x93dd8bd121342ed3e6396db27c742463c089f0a4b110efbff13a32f147d729ef,Fail,Operate Device,46199951,10/17/2024 14:09,0x92be794bdf29bc5558f63b37f4ca9df2a81aaeac,,0xbaa7d3654ee49817cc962684735bf31122e43c7e,,0 BNB,$0.00 ,0.000517
0xbbcfcf9b2d88830f208b2250c41f3570605e108b3c77cc2860df88ef0d213d49,Fail,Operate Device,46084051,10/17/2024 7:29,0xccd0c3fe0f1d0698de4922e2d6f3f806f66017f2,,0x782280ccd6ae6f5563f7245b7d381770b21b6eb4,,0 BNB,$0.00 ,0.00058
0x0710d7c01e81c147199cedc9e7e4814461a93d60b01cc387f471be4f4fa4ae6b,Success,Operate Device,46214970,10/17/2024 5:07,0xbb39866ea388aa828a3ebbb6b5d00b2980596392,,0xd6ffea47f33d9d4d318febd8c87461b551c9fc1a,,0 BNB,$0.00 ,0.000523
0xf58836154f0dc6233b6b421218c0eb13f171ee7a659589f622cc0b84c388388c,Success,Operate Device,46529864,10/16/2024 12:05,0x7fd77b316f887db56724d098ca252f016e713623,,0x5fc04b8a0a59b8b3f60601213409a8d37577a325,,0 BNB,$0.00 ,0.000279
0x07ec83bdbd802ac65241b829c6f37fcf5246433fb2d5971a82c41c2e1dbd5a4d,Success,Operate Device,46833253,10/16/2024 2:58,0x9b91c09154780594f1bb6f715b07a81f86521a7a,,0x804e7dd76a049588ac39293454fc8d068fd966f6,,0 BNB,$0.00 ,0.000491
0x06891d24f01dacc1593c01f9a6abee9b6ad55aab0c65542487f53a6d5ce7f8bb,Success,Operate Device,46521140,10/15/2024 23:14,0xaab3c02c3e06b32f43db9e9219bf71466ebf76c8,,0x780a78cd1c505514ce9b2985628b699f42f41f82,,0 BNB,$0.00 ,0.000502
0xda2b818185b2a428c4bfd182e4dc97385c3addebfe5c38ad235274ad5e2de216,Fail,Operate Device,46118725,10/15/2024 16:12,0xa2727d4ade791246ae4baab6b30a716f5188458a,,0x80ff8e0c7192dbb918c848f1b5526f00a75e39bc,,0 BNB,$0.00 ,0.000834
0x8d8477300a403ae4addc02c3c177a0ebbaaf7bd209f73ffe5fa197ae9f4e924f,Fail,Operate Device,46879376,10/15/2024 6:16,0x34976edf65e8ffa2584b2e582efea61c2f86e078,,0x8464ba173418744c0e1a2a6e9228f7eb6fadccc3,,0 BNB,$0.00 ,0.00067
0xcb5f2af68a2b0ea0091666c9f16b117e0d8cc8917bae5fb0513b993e1f38c6b5,Success,Operate Device,46678350,10/15/2024 5:33,0xf9f7011bdcfa912f8923e68f6b4806e0da2a561c,,0x013391cdf0b59bfbd2644c7fedae209012a37ec8,,0 BNB,$0.00 ,0.000772
0x4ddf4d3b2fbd285fc21618463df8f7caaa0fd16ae5ba9f6ba49019bd462d46d3,Fail,Operate Device,46256768,10/15/2024 4:43,0x93cca3600f76a44608eab04e7c85d195b2e2d137,,0x9027d542b1b21b690b6dc9af5b81719447bf0d79,,0 BNB,$0.00 ,0.000208
0x9130ecc85eebbb9fdac67128ee1f70aea95a1609e30c870cd05ddd36ce35861c,Fail,Operate Device,46909406,10/15/2024 2:56,0xce227b5099d36f3f013be01f76d850ef62bd8aea,,0x7e1f6b7ab108da1d56651a01945c48c9d9e81c16,,0 BNB,$0.00 ,0.000718
0x1699d4b1cf632c2bc1d7cd61610635ea85e67d8a22e846124cfcf2bcdee57b4d,Fail,Operate Device,46333783,10/15/2024 0:43,0x417f9128c1aaecc07d5903a337bcec336a7ca44a,,0x1735b66da841808033f7b481789a8668ca57d895,,0 BNB,$0.00 ,0.000712
0xd83016225c1287aa47d833eef9476a83e3b6e48094a11c391929b3fc33f5ab0b,Success,Operate Device,46466251,10/14/2024 20:10,0xb9be07d975bae9e473d8785a27cde943c1196dfa,,0x85ab1ce3b72828d90e7f893a1f16930c3c0f000d,,0 BNB,$0.00 ,0.000524
0x8afeda756bc4f240af47759b55495b38ef27bf9b218c0bbfd3f96ee675e37234,Fail,Operate Device,46894017,10/14/2024 16:19,0xda7dfa12a7d6a8720aa3efc6c438614e7571cad0,,0xcd558d755a388549050d9482d5ae95c8bac61742,,0 BNB,$0.00 ,0.000652
0xd85e71830b3a02c66d84c16af259bc59b5ca80800138a15959baff50104d2a0b,Success,Operate Device,46972857,10/14/2024 7:00,0xdfe6c366638d0cbbff34a67eb5023c5acc29c1e0,,0x06a075a1f25404db3a7f5f694caeba90cb4ac1ab,,0 BNB,$0.00 ,0.000918
0x9cf95713b58e4e886c36dc1f54c22a99fcf0cf1bcbc411c8f1c4bbff01a0e3a2,Fail,Operate Device,46888415,10/14/2024 3:15,0xc59a6fe8166c72c98f0531622fdef252a73273f5,,0xce8b21c11e0f5e66feaa624cd0d2bbf60622a597,,0 BNB,$0.00 ,0.000684
0xefef8a081813e57f3f703b2bcc86553d89faf69280128789e407b61be8361793,Fail,Operate Device,46323723,10/13/2024 23:22,0x43c7735db6654c926f795eafa77b44bd46f496e1,,0x7d854ce701d4c5797e0a7e630c5e865a0aee5c1e,,0 BNB,$0.00 ,0.000475
0xf796faf103069dcdc60d29e77035c73873c7fb202e1d5dbfe08b2cbe4716821b,Success,Operate Device,46384267,10/13/2024 23:08,0xdf1b53c8ad5c6cdabc3e2119d403f2bc17670862,,0x209e7deabae638a57d1f18fe2bf748ab9f3488c2,,0 BNB,$0.00 ,0.000382
0x96755d6d06fb6056742f8c16aff1c1f6f78f957a50cb37a0b606a3e8a6754a8c,Success,Operate Device,46901220,10/13/2024 20:50,0xa517b5ba3ba2e045fd0919547f7be80074f6170d,,0x6ea26bb752a13e771d5b677400d77ecd84a3d1ef,,0 BNB,$0.00 ,0.000707
0xb07eb3a83b181288d74cdd02c082eeef32e1d05c9ccd4318afa853ec6a241f6a,Success,Operate Device,46138702,10/13/2024 18:15,0x431078688f81a4db43c0d475dcd814e159332941,,0x2d6ae97f91a887740700e0be893af5228eab09ea,,0 BNB,$0.00 ,0.000763
0xacc10ef571f6851e7c73d390cfaebeba23fdae8789cdf051a6ca596a72138733,Fail,Operate Device,46082721,10/13/2024 6:26,0xd9d5d73d6c672af36e4e291b7845b23987bcae67,,0x824607a1689b1864e07190871f241e7a43fbcb1c,,0 BNB,$0.00 ,0.00014
0x9049a9e25b8c7e97399bbc9c6990595775e2f9dab6018fb094e65769a5bc48e4,Success,Operate Device,46682162,10/13/2024 1:25,0x0553531831d3682ee0092013ecb61d1b936104e0,,0x56e35f236bce2fd204bf83bb8ed5ab07f6428938,,0 BNB,$0.00 ,0.00097
0x3696e9511be097e0a53e874196e433e0009a797dfecd39078fc06b06d87b1e0c,Success,Operate Device,46412226,10/12/2024 20:45,0x74285e08ad59df1178b38bd3da255552e05be8ca,,0xbb35da52a184b1555198369161ef7c51abb09513,,0 BNB,$0.00 ,0.000629
0x4c58225221ed2bb7945ca22fa4062a58069101081edd39d624e346f1055953d1,Fail,Operate Device,46641723,10/12/2024 16:38,0xfb33a40175fabc7538541563809e0223047d30f8,,0x66a9c160748f000cb5278141a76f05bb6bf8791a,,0 BNB,$0.00 ,0.000257
0xf5319f92fbb9592641540b8eb25ddb692dce3b440eb001b5f99ebd72329da9fb,Fail,Operate Device,46549499,10/12/2024 14:37,0x1cd2c4d72fa37b30a28993d2fa2dfbe30d9bf5cd,,0xc20a446eb8535c37406b894714b6fba8a1c2c50e,,0 BNB,$0.00 ,0.000635
0xad1599ac1f4a6e87446a322da08f4e55ef105468f6097d108c24d1ec2956951d,Fail,Operate Device,46411251,10/12/2024 6:24,0x51c6baf9509be744bf27d1452a80dec8284d3eb6,,0x53c216537670d92211b4006f3b8ff186e4240b63,,0 BNB,$0.00 ,0.000915
0x040f7d2b832b3b21feba2b12a72197b190fe564f8242411fa8ba5de72579e9b2,Success,Operate Device,46809223,10/12/2024 5:15,0xfbeecf0a91b14814555dc5787d30efde8aa85afb,,0xd593d7615ca36b26b584f1014b67ad4c9a32ccd4,,0 BNB,$0.00 ,0.000505
0xe6f882432f3807335a794003ab2066d47a62bbd095cde70564d3c394c10adddd,Success,Operate Device,46833990,10/11/2024 13:30,0x8638943da40e3cfa93e46fa67853a408ee730218,,0x3d6f4fb4ccd80ebe85a01043125fc2d6cd50a97c,,0 BNB,$0.00 ,0.000176
0x603266ce11da2ba97964a3e15dfac6cdf2302dbdfd6dde0efbadfd0b8b98e535,Fail,Operate Device,46556465,10/11/2024 13:13,0xd71743efcae2b4d3bed9ece4e67b99b011698561,,0xdd416b074c1fb0713888a3524c5db75bcdd57ad9,,0 BNB,$0.00 ,0.000373
0xe41ea43777bf19a82da929277eddb00f65bfe755b3857f87936708731f1e3803,Fail,Operate Device,46769600,10/11/2024 11:22,0xd2929405ee708010b4a59a362648a238c6f75bff,,0x177b64a0e58b200b1cd836ffd29356ad0f1ebe0a,,0 BNB,$0.00 ,0.000134
0x902466d240b2b6e31d1b5c09bf8e7a275b8b7e90d14b1a4016228586b2c7636a,Success,Operate Device,46961006,10/11/2024 11:11,0xaa798875662679676c6a09dd27282cd3743fd3bb,,0xe60c8bb524b2c5b8e0b54166394c087e7c5196cf,,0 BNB,$0.00 ,0.000731
0x081667bd1c2e33d695c60a54e6182d560e1c127e10a9be66a908abd0bad1d635,Success,Operate Device,46747745,10/11/2024 7:29,0xec291ab56d15c4955accfa499fc7930204e990c9,,0x40d2cebc8f395c98606e96b58ef800ca324313c4,,0 BNB,$0.00 ,0.000919
0xc5fe184ad7a046c1b49a56a0a0462045d01a314df003557512862aae5d19369d,Success,Operate Device,46702030,10/10/2024 19:40,0xb080451daa7ba24f63bb079f41423dd406ca3087,,0x63e0a2184e57965fe1dad5a7f9c692ea14b3bfff,,0 BNB,$0.00 ,0.000273
0xfb04acd456b5c0b82e8cafebd6a946408fb7873ee6e1c0c6dd688bb79c5331b4,Success,Operate Device,46395453,10/10/2024 15:42,0xed8f1f1011b961e565efa4123372512d9ccd6e5d,,0x3abcb92e902a8e50da88568e23173c82375b348e,,0 BNB,$0.00 ,0.000713
0x7a867470658c2337430bfb4b9461c7e70cfee79d48da0005b832eab8cffa160f,Success,Operate Device,46661034,10/10/2024 14:17,0xdd5e8cf08ae709a628d6e29a4ad07ff70d61e6ca,,0x33c82b8af0e432635bb9b042a2cd4c0659a35844,,0 BNB,$0.00 ,0.000926
0xfeebefec3ea3cc5a133b24e7f775fba3dd70e14460e70c516ebbac1392e38d59,Fail,Operate Device,46240313,10/10/2024 10:16,0x5559c0f6d14dcb560cb2b6e525404365b85c4ebf,,0xbf4a9edc4d1c2796daa84340d0c66c493dc949ec,,0 BNB,$0.00 ,0.000789
0x010a7e60286db30359a45bb83d106b292143cdf8bb82879f2238da7b030abbc6,Fail,Operate Device,46636196,10/10/2024 1:45,0x3e320ab1d8162217d17ffb3503f431878cc2346d,,0x3ebdd7ac32aaf2746ae50da311a508445e1d20fe,,0 BNB,$0.00 ,0.000671
0x24e9810779f4b52c725920bba2726858be99d9dab067da3d806f3327567305de,Fail,Operate Device,46615981,10/9/2024 22:15,0xfbf4968d0d44c85d33525f89ab6dfa82466d9dc5,,0xa998ef7ce9e2e3a2c0f3552fd1cf4a08de02f45f,,0 BNB,$0.00 ,0.000613
0xf7a545d803d473db8c4207eacd379405170153f90b0a0059ebd01dbfc3e60b6d,Success,Operate Device,46553974,10/9/2024 16:53,0x8e7e200d716d8ecacca3357625847af9cc8ff71b,,0x832f840d2174909de42391285047dc3299146898,,0 BNB,$0.00 ,0.000285
0x6672607fe3e9493a189cfb23a455c1886770342397cf8dc6e6c8878d9e7a37dc,Success,Operate Device,46711663,10/9/2024 15:32,0xf60ddd34d383714296ed9dd7b6e0a50303c8a26e,,0xd21b6f024f61a7d6b497ab3153a9b7f5bcaddce7,,0 BNB,$0.00 ,0.000493
0xe0beecf2d256d1b41838120217fa9c7f72f2251d3254107af205c51c1aa5b94e,Fail,Operate Device,46713561,10/9/2024 14:49,0xc31ba0e3729e951da02e18eeba1ca6bf17249b0a,,0x90228f955ba08d36f9238a623e85cb22be9fc46c,,0 BNB,$0.00 ,0.000832
0x96b684caea496aa31fadabbfd43d86698f454a6052d247521846c8cc67884b51,Fail,Operate Device,46143750,10/9/2024 14:29,0x80ca26800630a9b631507050431e96dcc6919198,,0xcacf0b063994b937576adedcffb9c31f96aa464a,,0 BNB,$0.00 ,0.000494
0x947371f328f1a40c194da3e081a7c01582a764ebe0de12b7ced46135d9f9db8b,Fail,Operate Device,46801958,10/9/2024 9:38,0x21aa8105f2d10a9429e2f9e0e4a1d7865eeef19b,,0x41fba036b18a8166f7cd5055528714131e470674,,0 BNB,$0.00 ,0.000719
0xc312027f69d27368aff5fc3b724b869ec0386e3116be793b61a15b08c6a66f37,Fail,Operate Device,46419468,10/9/2024 8:20,0xb4873aa087657a08f884eac398440fd71f8f7f78,,0xb79787ba57cee573d08382a032468c6d6d24f4ff,,0 BNB,$0.00 ,0.000621
0x83c2a3255b82299cda6c5f7733bf59f235dfe9d72b279db760057465210c0e82,Success,Operate Device,46545027,10/9/2024 0:06,0x67c504baf7fb2aea040e3ceee82e5551877298c1,,0x923b79e822c0e97a9578e6a113b229d49ecd8d18,,0 BNB,$0.00 ,0.000662
0x0b543651434996c069fd1931c2ccc500337a6ac011b120dcc44693e431fc0f24,Fail,Operate Device,46523473,10/8/2024 22:51,0x9f9ca08fb1f27eb7352400e68ae0813bf784a0be,,0x6a33f07e6d942c62ccf70b86f67f0250af9e04b0,,0 BNB,$0.00 ,0.000943
0x14ff1c95bcae14297f0212563e3962d3c45152cd81a72e23f7cfbe4a6f2eaf10,Success,Operate Device,46756090,10/8/2024 22:23,0x1ef05d3008cc4da543121117f1f5bb747f40ce17,,0xb663bdebe936ad7785546783717e2b9d157e71c2,,0 BNB,$0.00 ,0.000347
0x95efcb5c9a22d4a10033254dd54a2ac9388511c0670aebeb49597099e6fb76c7,Fail,Operate Device,46327788,10/8/2024 19:13,0xa7babe37a32f87fa29912133a744300191fe7165,,0x3d8560c68feb7bea7dd0a3567830a323c573c55d,,0 BNB,$0.00 ,0.000118
0xca85b95ce3d0388aa07c2d1593dfc92abfc0825d3ef2155663120e27a7d32e0e,Fail,Operate Device,46601693,10/8/2024 17:30,0x2b6bbe4a0804f8f30c034926314abec039ce4fc5,,0xddbbfb30735aceaf0431878ad86475479091095f,,0 BNB,$0.00 ,0.000189
0x144710cdc35c047c3736593d5c9e0d64216a3e8400c89d4a88e1649cdc91f91f,Fail,Operate Device,46770787,10/8/2024 15:05,0x220d9827f3f4645875b966ab52516860e7f60ee9,,0x936ddcdcb894d0aa514f7856a1e780a9b585ad51,,0 BNB,$0.00 ,0.000851
0xed1786131458c26c5c60300bd90c8d4b20f7550bd7b45159f57707fb3d5eeffe,Fail,Operate Device,46027821,10/8/2024 14:46,0x9e5c8b2c9c3fefcbeb9a1f6818942656488bef71,,0xa1545aa4f7f431daa959f37cd355f09a42a000dd,,0 BNB,$0.00 ,0.000813
0x8704cee38a2b5cd27f4519cf55cc160f3af48df83d9ba39752457a6221ee022a,Success,Operate Device,46427475,10/8/2024 7:56,0x29d99848fa65a906189b1bbad1bc66dd3129c841,,0x4efbd1d63ede9680f0155649b4836461aad7d0fc,,0 BNB,$0.00 ,0.000453
0xa9e216d27cfca99239da6dd6d20893e205dfdbcc34738f7f5643cf3a6addf5e8,Success,Operate Device,46117132,10/7/2024 20:21,0xb69b74216d850cb37cbd9d5b8dfa49ea503f9088,,0x4d4d9d329ab9336373a3d5f8348d51787d7f6f4a,,0 BNB,$0.00 ,0.000963
0x212a79640a9d14d9764f02f45a8b229262eaee9052b517f7406994cf95757692,Success,Operate Device,46486958,10/7/2024 18:42,0x4a0b17d94ba730380959f8ce19cf611a4347b54a,,0x9f6e792e65698c87f463da01dda92b9394f0c911,,0 BNB,$0.00 ,0.000781
0x4ba8851a8185c99d1335b329d78b7a732a66537bfc69f4160a8a7152ae2c91f5,Fail,Operate Device,46183445,10/7/2024 18:25,0xbc35410bc8e69b08ea19df74c10bf5122d7a93a9,,0xdf8925f898f588ed88950f361b0196e62258bfef,,0 BNB,$0.00 ,0.000724
0xb2914546abb9e607b09deb394579fd57cd689a857b8c33bd765ade3f9bb96f2f,Success,Operate Device,46101543,10/6/2024 21:45,0x14d66c1bea2d677199abfcee4cbf2f0a5e0a9e10,,0xad67d372e95d915b5260fdab27a6479408d01c07,,0 BNB,$0.00 ,0.000793
0xe29f4fa79fcfb5507e0e76bcfbdee01367c4e5e49e608dd44b81bc213350bc67,Success,Operate Device,46641467,10/6/2024 21:44,0xcc1bde71a953cc74660e503f2c0df9ff4ce8c095,,0x6baeb4bb67bcab3c87533777c5ed8280e7b1c466,,0 BNB,$0.00 ,0.000229
0x85ffc4a01343538f71766f37040d4955693cba9d767dbd53cd1ba874b710b2e8,Fail,Operate Device,46179387,10/6/2024 13:03,0xe68c0b95c234637287d822933683af1673983171,,0xeb608b37b83158e7fa4ae893823478db4b7c846c,,0 BNB,$0.00 ,0.000931
0x3f3c1e528c8c488d3fe34f3d1af87b4ac636dff162b8d22b6bbcf03ece150121,Success,Operate Device,46836029,10/6/2024 0:06,0x253d69e4b5068350decf18cc83e386f48efce05d,,0x239a54e842ab0e293362291c9bf954829b825ae9,,0 BNB,$0.00 ,0.000515
0x7c984356450541111a9dbb3e2c93112f7c0572a00d7d7027f9ac9af9d2116697,Fail,Operate Device,46960447,10/5/2024 23:59,0x798111a9a39c60e47d33e0002507614321838a8d,,0x925533a74dcd6a2f41d6263c758f00eef1e72d6e,,0 BNB,$0.00 ,0.00012
0xc57c72f8a75b33b548be61ed0320f26ed52f4016e8d04df4ee19ca20ebbf0beb,Success,Operate Device,46403186,10/5/2024 16:08,0xb5c1fa9ff340d438999199f9f79eaea4c5a6dad2,,0x1a31b6b0cf86d793b1f0ac104726cf800349d8e8,,0 BNB,$0.00 ,0.000366
0xb3faaf30ed6e4b0d0b78ba019749551fd31b4d3d9231111b7640b6dacb625c7b,Fail,Operate Device,46032531,10/5/2024 6:52,0x6b84759900693c99feda473038436b71b92877bf,,0xca1791f55f54d6d64a1b01ccb23f87876833a44c,,0 BNB,$0.00 ,0.000966
0xd88aafaebe22f5c3e8c7d58c920c8672896f11e0b9a86a3d409f261aaabba742,Fail,Operate Device,46083466,10/5/2024 4:47,0x643cf78139c3449049ed138ed3b521c7ed5eac03,,0xe57e874b7d5f08c5215a96b14af0635a19e1c7dd,,0 BNB,$0.00 ,0.000932
0x7479d4d34f7d49fe22d220e75ffc0cc5cab6e6aeb9de2eb146eba184187f0ec8,Success,Operate Device,46765995,10/4/2024 20:23,0x5064cbf1c7513cb2efc289bb96afc31f53576fc8,,0x209dd75ac6584d4a232680c5c8afd18c5d6005c7,,0 BNB,$0.00 ,0.00073
0x9813b1be81ebeb281d9a12ef3c1d310318282f5629235f18e7ee830668eaf55a,Success,Operate Device,46207486,10/4/2024 11:05,0x825d66cd4417987e8a89ce8fd7c57595d55c97cb,,0xbfd3b85eb67c35f099680ddafad457ef90b3bbdf,,0 BNB,$0.00 ,0.000258
0xe85d6a44b96b71ab5309490d514a25dd0dcd8b73ddbc9aa257346cec888fddce,Fail,Operate Device,46244543,10/4/2024 10:36,0xcdd11ed67369b38f42b3fb1adfd02903df591a85,,0x2584b455ba490569475b41fb92cdd8a255da7ffe,,0 BNB,$0.00 ,0.000936
0xf47007d6c330eca21d01205a3fe919d1c3b62df90c143d0cc2722eca93d54fe4,Success,Operate Device,46041873,10/4/2024 8:20,0xbc43a5397f713f5e02819d3e273cf210bb1fb680,,0xf478f59541c696fdea59302413e6e8bd827979f4,,0 BNB,$0.00 ,0.000362
0x45f9d14dcb611bce33496abd7248b7618046cf6995c5e58d17da476c5ac6ac98,Fail,Operate Device,46877378,10/4/2024 1:00,0x28cf877e039d42f8b6c926d07846effed270cc6a,,0xe06a4d27d5a8937d4182dd51a7fb67d6e6493cf5,,0 BNB,$0.00 ,0.000392
0xc0dcdb18896139c9a2d312c8136ae31ab6b58f6ac710aac60a9c37441abe3e22,Success,Operate Device,46890474,10/3/2024 12:29,0xebe6510364fc3105f13a40b0dd8292d6a4da8d3b,,0x5e00c1b5834bcf490e66e8652b54bcce1d85e3cd,,0 BNB,$0.00 ,0.000784
0x1937eb7097a83999c1586b30ac111dd49bcff99cc0a6983abb4abfd2bf3789a3,Success,Operate Device,46773691,10/3/2024 11:16,0x9cf5e86a5ecad3944654b7768d25140d8988b7f7,,0xbc4e90c42395a7c117403e5ee35172e0ec32bd59,,0 BNB,$0.00 ,0.000368
0xf13ff46f8b9806158e5de182ac5889aca3c4d7f214a9653180eeaaa20412535f,Success,Operate Device,46176830,10/3/2024 9:07,0x4b240c92601bbb0fc14cea6623da7d19846687ca,,0xef9f622090627a3fabadc84c639b62141cf2921d,,0 BNB,$0.00 ,0.000643
0xa81551a8e513be952380c5dac0dbefefe22aec67a518a35651cc0ea0fd9a6155,Fail,Operate Device,46931440,10/3/2024 8:41,0x497acd3cc99e252855d3a0acb04cea39f8890214,,0x917feb2da66b97191156ef9a8dbf87de4581af67,,0 BNB,$0.00 ,0.000496
0xd42a5c8d61400a372228c672323c1ac9776a61437173a59cfb04abf3eeeaea7c,Success,Operate Device,46608313,10/3/2024 8:06,0x146046ebcfd4ee648b0157a68d2749e868fbf1d2,,0x3a3be7e3dacf42ff35c484735edba95eee217b78,,0 BNB,$0.00 ,0.000542
0xb2da9f85de3bbb7b04b1a088b02e6ead1639a5a44cf7b31a96279ac90aea33ef,Success,Operate Device,46632336,10/3/2024 4:47,0xac76d58a8c5bf27d7e6d722047410d1d15a8785c,,0xb09a1c47d3fdb1dff7e8fc428719dd52bd2beec3,,0 BNB,$0.00 ,0.000606
0x0243a0b051435c9327d4a7a105eb853ef47d7e11136fb8a5235397de0288f31d,Fail,Operate Device,46958859,10/3/2024 0:43,0xb0d0e718920fc9fb9b163317a9f2852607924b2e,,0x4986135a931fe731156f0c4ec6b529e58c9bf3d0,,0 BNB,$0.00 ,0.00062
0x67ec93ba830b90fcd8fef26e461f3f075f02dc7d85e0c6a9b035f2790c6323aa,Fail,Operate Device,46860591,10/2/2024 23:44,0xd32779045e261b3db5b873c42bfd703f94e407f7,,0x4a7a3b7e9e2354ab73f0b1842fd97c3af77bd10f,,0 BNB,$0.00 ,0.000837
0x6ef7f0d52892d6183638d87e3c5ddd7a4c3939834c849f316719c3deb619ad6b,Fail,Operate Device,46153557,10/2/2024 19:43,0x8ecdb856174333a83ff4f6f7ad64cf6e79463a1f,,0x57246b9ffa44ee1bc78b6fa16c919859405978e0,,0 BNB,$0.00 ,0.000854
0x6ab27e97914105e6a27d333eb6310816de008a457ffa54333a9e35b59a5ee754,Success,Operate Device,46758242,10/2/2024 18:27,0x2d061eec9a9e04488d4631d171e3b13a45f0d805,,0xb56d2949d444270edfc51d07fbf145ed2857a4fb,,0 BNB,$0.00 ,0.000124
0x119b4562cbfb38e19a65edc6bfe188ee0459789a0558b57ed3e98ea96dc3b118,Fail,Operate Device,46412173,10/2/2024 16:45,0x168f9cbc26db96f125b50993e82b42b7d1b2f33b,,0xcbcf850ad58bb7a89da1bb45c1354d5e5dc24fa6,,0 BNB,$0.00 ,0.000809
0x40fbd6e14e742333773ae427aa313918970b5b2d154db417ee59391ca0fe403e,Success,Operate Device,46028770,10/2/2024 14:19,0x277593096f0cef23fca61aafabd2e067436e31d9,,0xdee4370f95cb425c1d3602bf09cce9a741cb4788,,0 BNB,$0.00 ,0.000425
0xb2381a8184898f91159cdea55f55bb434329d80e9a0d29d84155e1d7421e1a54,Success,Operate Device,46322955,10/2/2024 9:45,0x2d27dc27651a29a15a6b7c5f986424c16f55780d,,0x3803c875d7ed15dbe0e2a69bdd19aff1a1142237,,0 BNB,$0.00 ,0.000353
0x56c13729a2cd21202a97a999034f186416294aa5194a9260b72d68b99cb37ddc,Success,Operate Device,46598755,10/2/2024 6:28,0xf4fc5624268c55aa11e399d9e576325e1c390213,,0xddd31134be97c27979b9d2fed178ab99c25c6c52,,0 BNB,$0.00 ,0.000107
0x3e3c5967bce08b14967d780c00f23cb9242d65869ebad5b48def01dab7903626,Fail,Operate Device,46438915,10/2/2024 4:17,0x60aebb3d68a49b6e8fe7c5b281ef6ab5e3673b7a,,0xc8d01983a659ed322201ba35f8f9307cb7fc7ff7,,0 BNB,$0.00 ,0.000913
0x934f65bb8da7a049299f8264d86ef79f274d36e2d81da4b2eda7655b5d011984,Fail,Operate Device,46790607,10/1/2024 18:15,0xc494c562f40ac0af15b547621b6f897527dc3ea4,,0x2be1cf7b04ea3821ac1dd2b1e1fbe62bbd9b9765,,0 BNB,$0.00 ,0.000462
0xd15dc04eed5539dcced12e51179e8a25c1c06a1643e8a307ff1ebbc4a69a0746,Fail,Operate Device,46532652,10/1/2024 11:59,0x132b9c6e9fe53744bd85f122b1576d57db26917a,,0xa0abf6659c982dd5245f660e64ab0adb465474bd,,0 BNB,$0.00 ,0.000107
0xa9bdf6fea666ba8cdd4218c9f0eeb39cab6516a83dd5aa0968dc225cc34dd08f,Success,Operate Device,46813843,10/1/2024 1:47,0xed88de65d750ae8cb1eb90b47c6d8b232f314b20,,0xf06cb66c216bb7e2b6b4b43d4f5d7bf02738a257,,0 BNB,$0.00 ,0.000855
0x2226a5ccbfc935bcfd2e8bf91f1d4145ff25adcdf7774aa2f99980b2370a87de,Fail,Operate Device,46393903,10/1/2024 0:55,0x35cef1b6ad7d24f8f5f50cd8c4e3b98d4216abf7,,0x69b908031f69e3486715d96676559827cba0c1fa,,0 BNB,$0.00 ,0.000533
0xf62bcd55ea0881c2a44b656490d516c007af6fbf6aa16f4c9735e283115ea81e,Fail,Operate Device,46788703,9/30/2024 21:38,0x3e7d6fc295be13bf530e77f58f6353471067265e,,0xa9dcae000b0e31471d78ddc2fc3062f9a4ecc0a7,,0 BNB,$0.00 ,0.00063
0x8c8144d1543bbfacdcf5e474ca1171b4197b45434b8b612db74339fa31313b77,Success,Operate Device,46872912,9/30/2024 20:32,0x19dc774b09e4e56806bbdaf87ddbf67bc7131215,,0xa8ff64f9de6f3873858c857dacb05cb85292f5a9,,0 BNB,$0.00 ,0.000889
0x2b3e08f27d427e92e23b04a003ba78cb25d20c16fbc832eac04d6b04b8e29e02,Success,Operate Device,46147438,9/30/2024 11:26,0x267ee20545b67b9ef553664dc1ef807c453b1eab,,0xbfb73d38ed4eab409a641d2cd9c5bdf74b1ec87b,,0 BNB,$0.00 ,0.00094
0x8c3c6f713a0573410c133f90084a092130313e9f2273c4528fe5427d2448d002,Fail,Operate Device,46126066,9/30/2024 7:52,0x58ca6bbf66f14c1248d464fc26b8c54a1e6060cc,,0xaa5f29bb04ee15529d44966855e103ab33aa60a2,,0 BNB,$0.00 ,0.000633
0x3b47da45c83b8515991f69b01d03870db3773895b3fe59ef3e85cb63bbc2c259,Success,Operate Device,46396572,9/30/2024 7:39,0x76e593e0d0a14c1c5d75462e63be24f3a92cf412,,0xe0b7bc9d3a8ad914c194f27aa3704cc242704be4,,0 BNB,$0.00 ,0.000558
0x61a76a1851c1597812e95c40781bfe8ded8a8dcce6c5e159ee1b4ec4323ffffb,Fail,Operate Device,46386713,9/30/2024 6:04,0x54189a296cbeef0e7012fa6e9e3f6649d2307b0a,,0x697edb2ecf4c3c1e8ead87aefe2a4d4f2ab60efd,,0 BNB,$0.00 ,0.000182
0xc00e75620f254b70ba48388c4ae3cac28e468ff6faa29b33b87bd82951102b47,Fail,Operate Device,46275075,9/30/2024 1:10,0x35782033ddad5e92227c8f7c3a8d4ff006a087f1,,0xcd1d5675dd5cd90b9d2917b686794e5630b6d603,,0 BNB,$0.00 ,0.000596
0x9c1fd7f6e8955f33aee995a7b7179cb8c65d4236487657c8f6c596a99158cccf,Fail,Operate Device,46209683,9/29/2024 15:34,0xccffde0be6e7979e9adbcffe1b34405a6c654a49,,0xe55f921de50d06a625ad88524f5b4c2e6b8fd238,,0 BNB,$0.00 ,0.000597
0x724bed54cc8329b7bd6aac39d6468ae7ae4bb8303ec56856e5a81ef8046b489c,Fail,Operate Device,46207212,9/29/2024 12:11,0xd6496b5b3307c75d6611f49607609ef61995b1e1,,0x28ac7b17a9e088fa3e32396e48448b67f0d8bba1,,0 BNB,$0.00 ,0.000468
0x8efa21bdef1295443c147d6c7faf7df2104b25502a3cfa42b4c3a0f099215b53,Fail,Operate Device,46169554,9/29/2024 8:51,0x6a64aba2c4698fe75d2a0cb2cd7e6a64888a6bd4,,0x872c7bb5df918e56eb33765f69c4675d881677d3,,0 BNB,$0.00 ,0.000994
0x3dd8299c6fe9bef754fe759ca25a672e823f2ec69f11c8964e6e1cb5e88a9201,Success,Operate Device,46764430,9/29/2024 4:23,0x61591e6c2baedd2514aa79015b601a1a2327f752,,0xa763131ae8f21c85159b04d0e025f0b4e7b2e0c1,,0 BNB,$0.00 ,0.000144
0x1a0077c5370248a43b8decc3074a01d7f7f7530c319e8b5d6403ccdbff39e002,Fail,Operate Device,46772445,9/29/2024 1:46,0x95ca36400ac07cc81c0da81545d016a1e3bdee35,,0xb72aadca069b958a1919dceae3d48bf83e861a1a,,0 BNB,$0.00 ,0.000229
0x96fadf3eeea7b3e66188a2ea5415c0e9fe47bae876fee34bf9c083219dae9e8f,Fail,Operate Device,46086324,9/28/2024 20:07,0x8b8647f28ebccd6e3bb6b21c523de8ec8134d3d0,,0x7fb3b05a5cf2968f13aa338b7f5af9d0c8e76ad8,,0 BNB,$0.00 ,0.000527
0xb19c2a1ec9d17f350521790fa1904f4612a1f60a13a070d99e338bcb0df6654b,Fail,Operate Device,46011404,9/28/2024 15:32,0xc8356749f0a3506ceab12ff8994bfd1c38eea8d2,,0x70e45825352d6759c66d580c095434914d013275,,0 BNB,$0.00 ,0.000968
0x744bcbd9b0bfc43ccd0b43ed54ac0866d58546c887008357ae953e9b7d49138f,Fail,Operate Device,46753365,9/28/2024 9:45,0x1083e36e8b7a59845ed9a955af50fb6ae8516638,,0xdb51cbb859447544334126416b66a327f7309835,,0 BNB,$0.00 ,0.000112
0x3bedd5f76e0e038546b2843f1c31f5f7da94606f07222833a9036d013ab0e871,Fail,Operate Device,46739893,9/28/2024 0:47,0xca6f7a34fa76b238c41295c3f3eb4f090b20f032,,0x190bc2abf81e7fee5fc1755838032370e9bf78d9,,0 BNB,$0.00 ,0.000255
0xa8c8458049fd625aead871963eb10563e2b9dda1f88971e8483b26d7434eda44,Fail,Operate Device,46661105,9/28/2024 0:42,0x747ea0a8e7bbcb3522e08693e524c42a5bc9ef21,,0x097447b11588c65ba4a38af1f25275cff4a0e589,,0 BNB,$0.00 ,0.000613
0x3e5b2af10700074c99318a4a92ad55c94b3e6ed0f3ea351db6206d079a858d59,Success,Operate Device,46213192,9/27/2024 21:10,0xd94d5e991db0bd6561830ea4dce06e0c458749e9,,0x946431250a3c773d5d33645eed617867ac6b27e0,,0 BNB,$0.00 ,0.000349
0xb0721f9fd1b1618ae2e539bafe580dbbd32c027830dcdb5921c469014c32f294,Success,Operate Device,46738897,9/27/2024 18:51,0x516278512f73e7d5fd1ca920732d4633000bb47f,,0x48dbcecbf5b031e81fd3290826d3a5efc0a4d7b3,,0 BNB,$0.00 ,0.000858
0xc440d830f5a66d27df3bc28242cf91908d791e1117d367d6d587527fd45f04c3,Success,Operate Device,46543613,9/27/2024 18:08,0x38b53bff4eaaabdb87a5a10debd6e6c0424d2076,,0x9fbad2a0541bdd48f933581a79281424f5afcc03,,0 BNB,$0.00 ,0.000381
0xe3c2717adf9b3791113af7034cba4dca9cf31e404c357a9bee85ffcad92ce804,Success,Operate Device,46587766,9/27/2024 16:52,0x5fdf641adffc2352cc14ea9cb010c0e8468e3e9e,,0xdf43d0ffca4476bdf97162a90c3bfcfa799000e7,,0 BNB,$0.00 ,0.000423
0x54afe15ddab3a28e2e1fcefc35ca335c8b109bb7c5988078c15c5cb978d0b1a6,Success,Operate Device,46355509,9/27/2024 13:42,0x98765280b8083ff825131c5cb12c1674e2213c9e,,0xa06ba7301445469a2a528151a42f8b43c2b79842,,0 BNB,$0.00 ,0.000742
0xfa7a64ac985263e0bf4064aaaff273adffdfafe7eb88afdfc5e5a47410702cc8,Success,Operate Device,46456951,9/27/2024 11:06,0xd1dc6c8791fa1f605eb64b9a28fe682ede0ba77d,,0x42eb0cb2674af7d939bbb6a08e53d853a633ccce,,0 BNB,$0.00 ,0.000383
0xf977aa5e4d6f783e280197a50dcc58d4d302a5625e8ad839082bccfe2276af49,Fail,Operate Device,46020528,9/27/2024 2:42,0x140505943422a133a50d6073f66091c73571a522,,0xe0f371f7275ff619d8203de6421bf02b19cb8408,,0 BNB,$0.00 ,0.000905
0x250ed50fb5e2c95ee617c45b7571f2aa3aaa9423e3409e61648dc6c387776363,Success,Operate Device,46093703,9/27/2024 1:37,0x702da67d77d6667b489890379f9e554c547a3187,,0x2c40b850a1b3cee64bc6b3bccbd26275fe088ecb,,0 BNB,$0.00 ,0.000985
0xe680d1126b4fca6c6f97258ab6a5770eccb33cd517c89bb799a11e293b095f25,Fail,Operate Device,46999198,9/26/2024 20:17,0x42b03f954a6bcb5a8fe19540462788fa2c1c6c60,,0xd6f0a5ac72cfe8fef69973bdc5af479631d713f3,,0 BNB,$0.00 ,0.000452
0x0af966cc805505561e16d9d1de75ce5c045a67175b90e7e761e9bfe5eeb49a63,Fail,Operate Device,46836241,9/26/2024 18:31,0xf63c7b81358bed159a4cdcb0f0021a37f0e06872,,0xcd16b54262480943a187d63bb1fdbed441f2d803,,0 BNB,$0.00 ,0.000299
0x8731fbfcc573b3a5891ba15728092afb064713dd641b9a12c4975dc42687756a,Fail,Operate Device,46515084,9/26/2024 17:30,0xe65b4040658880fdd46990716052bf22f3a7f647,,0x4e9c811a6299ece248349580d7357aad50609640,,0 BNB,$0.00 ,0.000791
0x55a95c5e3862a844103e01f9dd0046d966be89ab02d14db05fdeea60089e7372,Fail,Operate Device,46394737,9/26/2024 17:16,0xcc5f169de0ed18e24df289920e6f3a1a13b945fa,,0x92cb2cbe8de015fcbff40df297c74f8c436a0e2d,,0 BNB,$0.00 ,0.000587
0x4c441bdc5effbff955b23b3a2d89db064f2fb82ffc67972b736cc326f3f3ffb3,Success,Operate Device,46490809,9/26/2024 8:00,0xa20e24a76e9810cc6de5e70ca9cb3a5368d9452d,,0xf2cd293627495fc005d9da68fe963f6b196fc8af,,0 BNB,$0.00 ,0.000286
0xb45fa486bec998329c1f8b5233c9b277b5541348ddde9e08aed71400a02b3f50,Fail,Operate Device,46254163,9/26/2024 1:58,0x8f1e0623e529645a24589c6985d5152afb105b91,,0xc50fc275d4ad92afb38bddcdb7999aa58aa03ac6,,0 BNB,$0.00 ,0.000727
0xb76e78643a3813ea8a4cbd56e991ab6a107de006ca63b1064cd3e0542bc1f7b9,Success,Operate Device,46250362,9/25/2024 15:12,0x1493fa85fdf526620377d92faa9d8a01f005c661,,0x46b394055be8b46d6cbb53a22e9b0411f9699b0d,,0 BNB,$0.00 ,0.000395
0x54946b390019944c6d807a974db6ed5f14ada00d1f5a221001d5b858447c6f07,Success,Operate Device,46732024,9/25/2024 3:59,0x4a34fab3334806047769eed06100a170e9c24bfa,,0xcbc8046800777f58b931224ec66d6b824816a88c,,0 BNB,$0.00 ,0.000173
0xf0f20dddec9cfe5cc10c6ff9d8af7348103df4b907f72f2abfd502d7125839f4,Success,Operate Device,46526830,9/24/2024 23:51,0xf4e9f4c7761b90e6b97887b5b9835c3dc284ff3e,,0xddb33cdd5b1b4a92c61b2d1af0b5065ad06342f0,,0 BNB,$0.00 ,0.000363
0x1df6732bdebfcf5a30fc3f3bb25d8ae93b01a2edb0899d4aa0698e5adb6144ea,Fail,Operate Device,46551106,9/24/2024 19:00,0x60ac068ad57e6d965e2232f33497cf5125af70ef,,0x5e3bc5aa39ae12a446e1822e1b709c9994990528,,0 BNB,$0.00 ,0.000299
0x6d4b7bd420b0dc8e13f53695459e993ddef97ae5b6edb3038953c394a7719079,Success,Operate Device,46722388,9/24/2024 15:04,0xbca0584707eac8ce3b35b52b06fca00ea3a536c9,,0x06fd4a8b0b5e3d5096817a6f9786c84b9a26ffeb,,0 BNB,$0.00 ,0.00027
0xf972c9d72aa56cbfd8e2cd0aea5e21b435bdc87db140f2723dcbe5125507b228,Success,Operate Device,46949480,9/24/2024 13:58,0x87ee3da45f1a3f3097edb60fda9c72bb41c5586a,,0xca2dd8bb3674dcc874ec887e3ddfe6225b46db07,,0 BNB,$0.00 ,0.000854
0x15f762fc9d68296969e65ee6afa436b05ec109e715bfe99fb18b8eee4fa399c1,Fail,Operate Device,46595827,9/24/2024 10:25,0x6499d559faa713d665c8ab1e2a180e728fcfeaa9,,0x028ca96215f598c0376102b92c61e852a9b8a4ea,,0 BNB,$0.00 ,0.000866
0xc6a6c26d0edf54a17190b46cf0b9f4eb1a4375764cbea596cbbf9e3d49ed295e,Fail,Operate Device,46545235,9/24/2024 9:45,0xb30619ce639dced0b1daa035899a58d43738132d,,0x12aa40c106c023f7d64a867993ddcec4b6dc9ab5,,0 BNB,$0.00 ,0.000784
0xb82431d0d6fd9bfc1cfd10197cf3e0ca0d4dbf5e80049437af43e1ca11d19b2b,Success,Operate Device,46103937,9/24/2024 8:03,0xdc6ac0096e20b90d2a5a6e8c7771621d2fde5247,,0xe5e104300d301edbcc54748a0eb90942e4e330e3,,0 BNB,$0.00 ,0.000841
0xe70a9d32d792ae08ddbe6de1df446283542f7a5d47521d6bc3bb00947d2890ae,Fail,Operate Device,46662367,9/24/2024 0:21,0xd918f675bd633f12b5fe26397fe37793b38b6ccc,,0xd753a70867d9a7ec5cd0839205dcf25d5d2c4445,,0 BNB,$0.00 ,0.000461
0x27f8ab961866756e21fa8cd7dd216e9413d3a25b1b84a1c0191f524f5355e435,Fail,Operate Device,46091932,9/23/2024 20:41,0xa1df382919e975c96e0c475cdedac6125b85a742,,0xa9dcdea9f2a51b00335d3702bd92fab71526b3ff,,0 BNB,$0.00 ,0.000654
0x350548b69fb62c5e56233459b369a0b5a11dd23d0b7a8054c0d2c912eaa2765c,Fail,Operate Device,46746313,9/23/2024 19:18,0x3d23af5276c904d0c54ff5d05b1ce85a315e3755,,0x6b752752a290962f7a8b91a5d7eebf94655d4ed1,,0 BNB,$0.00 ,0.000644
0x77844627af9812c55e8e91b5e3e838488142abbf81c922520f0793d5c95bc066,Fail,Operate Device,46462460,9/23/2024 14:54,0x6421f33f0e8fed597ecc447a4d6c81763ff04c9c,,0x3d17b897cc1dbfd62930ef1862317f867466ff68,,0 BNB,$0.00 ,0.000956
0x8151e6fb463ccb174278ed7ee222814bef4c1645758387ffa3cfb814fde7ada3,Success,Operate Device,46399840,9/22/2024 19:55,0x261793602ca0b965593d8c60afa4c3e4c71b40c9,,0x04937b931c789ab26b7b238f87ae7f69ff0e5a08,,0 BNB,$0.00 ,0.000428
0x610ae5a3a8585b83d848d346d807174fd5e2a43ed033a288fa1fdf5f0d12259b,Fail,Operate Device,46741048,9/22/2024 17:27,0x444c2fa40b513499c3f253ec0649a091c1661664,,0xf5bebb8f5bf2ad97afa2674c607aae35d97ae770,,0 BNB,$0.00 ,0.000654
0xe503f59555944441f45a19bc9061561e0d660111bd596904f5f101f8a2fc3f45,Success,Operate Device,46377829,9/22/2024 15:55,0x28a66b6c60bd485b317c9aa9efb74570d80ae705,,0x9a8e9b49cce9dc33dce0a91c7b7c6661ccda7ecb,,0 BNB,$0.00 ,0.000777
0xd837de968e53a7eb8d2e0d56e1d60716d5198b0acf9ae527e68ce17984ba0ba1,Fail,Operate Device,46840937,9/22/2024 10:11,0x6f2e556019a65bc668a4ab444a2b364ab26e93fd,,0x9ec4f1ab15f65b00d26961f4f276979a28b349ca,,0 BNB,$0.00 ,0.000366
0x535bc0af8af598619bc184b732ff36ba22387763efee2b707d99ac4d6d439b4d,Success,Operate Device,46699868,9/22/2024 8:56,0xa18327a70553c97fe26edfa0f4c2d7b571032f09,,0xec3b6a89dcec4e194ddce39bcb54ca24140d54cd,,0 BNB,$0.00 ,0.000922
0x55063741576a1e2ea58dd32ee68675f2e3176a2245e83a1629efa1205e62e17c,Success,Operate Device,46148872,9/22/2024 2:08,0x04e471e386e58c20aad18d2add0a35658f8ac1b4,,0xcd03003db37773aa1608949caa135d21cf1695c7,,0 BNB,$0.00 ,0.000179
0x6fcdaedf0ec7b40c6632bbf6d1a6a155f593148ac151617c277e8b5b696a7e32,Fail,Operate Device,46754385,9/21/2024 20:29,0x440fb7e492113df3d5bdeb2d32eb77f891e8cce9,,0x2266876ad21198378af6d6eecef831dac045de95,,0 BNB,$0.00 ,0.00044
0xcd6436fd05c7049fd50bf50dc6c33e1f73cf45eab743d2528db5a14833900ff5,Success,Operate Device,46820724,9/21/2024 19:08,0xe9ea5e9a8931c5dd33860100aa65c364891ba00e,,0xb2cf0b2c45f88681068284c5137b0e472076a93e,,0 BNB,$0.00 ,0.000933
0xe9f2efade174565197860aee2a3e08ade74a177db3119e4b23fbb478caa81bf7,Success,Operate Device,46695370,9/21/2024 18:31,0x0168f963a945fc9669ba7e7806369127bd73ea2a,,0xcc040c8520f7ca960ae8491ce63bf2c1ffde9479,,0 BNB,$0.00 ,0.000349
0xb5882600cd2e30c77de99732c260d43d89efb77c08a59234c72caadcf20d70ea,Fail,Operate Device,46990888,9/21/2024 17:19,0x27233803fb61094769e61e5e7db24487c9f855b1,,0xdb3bea73caacb8345c0d870de0b71ebd501cc69b,,0 BNB,$0.00 ,0.000581
0x105fefbd3f54027db6631136cfe733d1b7ee9ab8cbee7dd72fe16c63da944ae1,Fail,Operate Device,46382446,9/21/2024 9:54,0x41bba5ade3017ea704eee019f3b27c6dfbf9dc5d,,0xbcea2e9750b62c6dfe13b7ea48c2981d1efb5609,,0 BNB,$0.00 ,0.000951
0x354117a82d706348115f23164f558d2bd5a399735e8e0de5ba6733bb702c2493,Fail,Operate Device,46938839,9/21/2024 2:53,0x3798ab856ec4c1cd4e503ec23c1267943b9d92c1,,0x3db5ed32eefc5c537663827fcfbb5f7aaaf3d362,,0 BNB,$0.00 ,0.000798
0x29acfe8e183ec9ba639079715820f17429fc0005ddcaced6fdd78c6bcbfc7e40,Success,Operate Device,46805993,9/20/2024 19:35,0xa6fdf19caf3e8ee5d56df367cd0ee9ac83940dd2,,0xbd47077ac38caee096eb37f91b3b29a4fa7689af,,0 BNB,$0.00 ,0.000456
0x6151890a51dfe7c6e42d895d6b7f08878678729f511e3a1b60e2396bb66ab521,Success,Operate Device,46525746,9/20/2024 16:13,0x12a4f333fb6ebe648322cf5a8aee4ae591f1d88d,,0x996818632305cba0f5299275ae32e29d5eb52dd7,,0 BNB,$0.00 ,0.000337
0x0b87104f3372a859a7cc67047e53ddf0ea3387044faddeec5f5977bf86eaed8e,Fail,Operate Device,46716743,9/20/2024 10:51,0x84be51a8af7154482073d66df3b7704d6428e11e,,0x0adb64f24452893ef7ef73745f8aab827e64e325,,0 BNB,$0.00 ,0.000958
0x794b9c6bef9f59b58edb21baca0959e6752eb1afdf41e37a2a6161288c45613b,Success,Operate Device,46121835,9/20/2024 8:03,0x655e8305446b762846eced4256fa4b7a40afc3c9,,0xfeec822d17c566f8f2cab323fbf4d987726594cb,,0 BNB,$0.00 ,0.000402
0x38828ac1b478f13ac711be5f423a5e3af027e5871f6df925cf45b153352cd532,Fail,Operate Device,46956838,9/20/2024 7:51,0xce0c93d48863580a21e27e306ef45ebd14c530a6,,0x6f8f03ae7628d72b53ee4831e9f335ea1cbc2633,,0 BNB,$0.00 ,0.000218
0x36893e29511fbec0e5a29195e948dcda9bb34be802b6e3dba82566e4206cba9c,Success,Operate Device,46295011,9/20/2024 2:41,0xe849f43989ddba23468a35b3b12963cea9653bc1,,0x2a645f22e9515f2b3f252291bff64abc6663724f,,0 BNB,$0.00 ,0.000652
0x7d8f3eb1fa8a9283869756f82667da5e45866ff3a0cf9a19dd6ffb1f5a19abe3,Success,Operate Device,46144463,9/19/2024 16:04,0x2fc2d671d18aca865a6b7d75915805fe6c756018,,0x59e07328b44710d54b57de2020ffa9bedeb20cf4,,0 BNB,$0.00 ,0.000548
0x4edf3ddb08b769a6bbdbe44e04f9bb82c618c6be45b8e9596f12c5b482cdb39d,Success,Operate Device,46413789,9/19/2024 13:12,0x7033dc11453f6e343b5c012395821eaebcdf0957,,0x7001b1eaf9d324859d16137ec9df16ee49981702,,0 BNB,$0.00 ,0.00011
0x8fa2eff62329c3954480c14c5a93d4eda04ccc935f7d4e9a4a2c7a81ca058ac5,Fail,Operate Device,46913940,9/19/2024 2:57,0x6d2a794517d03805f12d9c4c1b3c74b0774fb5b0,,0x80f7ee7deb3abb4ca65cb3a511c9d603fa2e9f76,,0 BNB,$0.00 ,0.000245
0xf52451091426ceb71551720b8c58f3af2cbcceb620f526b0c85db3fac086241e,Fail,Operate Device,46379999,9/19/2024 2:47,0x0968b543aaf7bb13afb5f6a98b6846c3cabe45fa,,0x735452798c3f811bc9f0856b7d2e200d50c82872,,0 BNB,$0.00 ,0.000407
0x58d1006fd4e8678f2ff1f0e2442f1239ebfc8da312130ef25d7fa9ea72600cc6,Fail,Operate Device,46551196,9/18/2024 19:08,0xba6245691fd48dcd37f84bc4e7abe44946331afd,,0xb54375f863d483347505a0edba722d0ddff9f750,,0 BNB,$0.00 ,0.000311
0xc0375d0eba2e0ead3b6efcfd8e9a08252962418240ec5868bc68f73f5ec4c899,Fail,Operate Device,46504905,9/18/2024 9:52,0x77505aad853e00f7502d6d16e690b06f3bd360c0,,0x1c398b974f92660241abb66c8b8ad6c3beefd7ce,,0 BNB,$0.00 ,0.000108
0x021a5e3fc6a31c9a08cc890e2fb55984f76fd290642a76958038a63b7a56f18e,Success,Operate Device,46032402,9/18/2024 2:56,0xf8e46bebf2c6fbffa6e632c8106306f7b89966e7,,0x644540e79bf1161682ef2da97854e763b660a165,,0 BNB,$0.00 ,0.000562
0xf9fbbf684ae554097b4bde1c11364673923ac6a44d30e4b8da7764480e034636,Fail,Operate Device,46161223,9/18/2024 1:04,0xe9ad92a801fda5689ba3ff3d0b7ef143aeb6f171,,0x1452dfd781a0cb8add49ba1bbecfe2f3eb9ef49e,,0 BNB,$0.00 ,0.000844
0x38dcba7614cbd982735652b69d7f05b1089970b5bc9803057051b2fcefca1d5e,Success,Operate Device,46064160,9/18/2024 0:12,0x05a7914c64554367d62d3b108d5b82d4c497f4b4,,0x0be01df01f2aeb6a079c7d9b7b540ed4cb330c89,,0 BNB,$0.00 ,0.000183
0xdebd35e41467cc24de9dd2f8f53f5a7832e581064d2c7b2f0c2962857f1484fe,Success,Operate Device,46698689,9/17/2024 22:06,0x2b70ae5fea6aab9bf948c31c731fa8d6da9fcec0,,0x07844d99361d5a3bfdfd763becfebf581d7effda,,0 BNB,$0.00 ,0.000713
0x1c4b3950e98576c039a7153b64cc8c97f8e413fad70973923d37dc6e3afbe83e,Success,Operate Device,46699289,9/17/2024 21:06,0x45a6c48ffdb669852c89f9bd5897e1e0065e30bc,,0x45553944b38a45ebedb09cdc6c745f6778743563,,0 BNB,$0.00 ,0.000881
0xd86fc9ccfad5a97d9d95af3c50b0fbfb4acc7cfb47b6c7512eeba50cebe8cf20,Fail,Operate Device,46889373,9/17/2024 14:20,0xa9f06036737873f7f80893238b4897060c774cb3,,0xe76f07f24805c0cde33a77f8991f8fbca56ab361,,0 BNB,$0.00 ,0.000902
0x40774360dc72ee791e32580bcb2f67d672d0e923734b0c6a08638d7fcd216f08,Fail,Operate Device,46964860,9/17/2024 10:06,0xac37bc71550bc4d4718ae0bc33e0ccf34a0906f7,,0x3152ad18201d1e4ad6fa6475ce6c843debbb89db,,0 BNB,$0.00 ,0.000957
0x2e606de653f7f8cfbacf6e4b42b35116e8a73c56fd8bbaf824ac501e3391cfd5,Fail,Operate Device,46874484,9/17/2024 9:37,0xab5dbc574cd2343c7b18cb60ca9eaae69f59aba9,,0x0c34232b386620bf499ed1e962ead958f784c028,,0 BNB,$0.00 ,0.00084
0x671482a20367fb08eedca846bc6d8f7a5f602afe741cd2981924641a01a3c9f1,Success,Operate Device,46809557,9/17/2024 9:25,0x92c77f8775e79ecc5082bba3c9e6cb97de052d68,,0xf94d0b097ca1974721492f6572dc1c21fd859178,,0 BNB,$0.00 ,0.000673
0xd444f7e285c0387e5dbfde0aa13aa8a494aa3ce38161c658097e4e04b41a6571,Fail,Operate Device,46048202,9/17/2024 8:59,0xa95aa0fb384013544b1d16a642e609fa3d612181,,0x22da3986f7c4e507a176b109dc77d52cac9ed452,,0 BNB,$0.00 ,0.000451
0x1dd005adad87d032bf568ee81ca5a0b012ea22d57282662c2e3ee5e168879b17,Success,Operate Device,46439638,9/17/2024 2:24,0xb49aa96a5f9a516390a20a3f9c0f571d22411abb,,0xe09bc16be2d4b7c8a8ce57f08b8934334088fd6c,,0 BNB,$0.00 ,0.00055
0x820839688b2e136ee6ab6b44874cf078f0f34e733bb5350a48a596284b38afdc,Fail,Operate Device,46212663,9/16/2024 20:53,0x56be42661de79c732bb388b07e72842be80777ad,,0xfb15df2743303e86eebc35897cce46c212473c97,,0 BNB,$0.00 ,0.000756
0x68e42bf35ff7e05e4f0efe55dd1a4454c6386276baed9221154a6f1c79200dac,Fail,Operate Device,46672143,9/16/2024 20:27,0x670ad673af5242404ba0579ac40a6973f192a46f,,0x3c4ed0a57d85451ac2f668d2b17d53a5c4f869bb,,0 BNB,$0.00 ,0.000982
0xbdaa4e8864783216e80400cc3c3c8dd891391700b95da9d054ddf405a6317469,Success,Operate Device,46384577,9/16/2024 19:27,0xd72eb257ccbffcd046900665f2027153fe98c4b0,,0xee992f89685bf12250d08e02c67241fc6d3cf14a,,0 BNB,$0.00 ,0.00023
0x90aa7704cdccede20ce54d1a527c6df2d4610f84a2f8ed30a23e34861e7e4d7a,Fail,Operate Device,46725190,9/16/2024 18:31,0x49f95125809f3aa60543af91090f8e9d63ddb60e,,0x81daf661d5c77262a662bc7f77e87138e20ea146,,0 BNB,$0.00 ,0.000137
0x160518a840fb0d1ee598d2ca6fe52cbcbf397804475f02e0de69babdc8f6ddc0,Success,Operate Device,46582474,9/16/2024 15:28,0x11e69a8ce011325e59b6174d20137d2f7389a2b5,,0xc08496eba3b562ec9a3e6f06f9cad21030deb275,,0 BNB,$0.00 ,0.00021
0x4c2be379047b636ddd8eba2c5dc8b3b8a24738d7828e4f971c601809b656fca6,Success,Operate Device,46908461,9/16/2024 13:54,0x9c8f1a19280566fc2af3e0fd8c62728cc4b50fa6,,0xa8998d2fc8c5ac84750a24e7dfbd13788ceeffc9,,0 BNB,$0.00 ,0.000641
0xb265c7d658d7e70c637604d60112ee7061af5e906275229ba5494f7aadeb8b70,Success,Operate Device,46597107,9/16/2024 12:45,0xe0c5c227eca076d7edcc63e4ed936224b8847d3c,,0x84304cdc6f4e30112d18ebf4d256465f43825f1b,,0 BNB,$0.00 ,0.000497
0xdf97ad6303e877c9448e24c6cdcb46bc897ac7bd1765aa40a0d1957b1b87981a,Fail,Operate Device,46594312,9/16/2024 10:54,0x04c1579535600541833e826acab106be11940704,,0xea791172ce00cd9884cfd2873161a98610def482,,0 BNB,$0.00 ,0.000909
0x19bcd4641fa649a61eb122d08ec8885e7a528f9ae1d70eb7f03aff40c0f8a64b,Fail,Operate Device,46222020,9/16/2024 8:27,0xca62fb69be77b2a8001227a09ca22321dd5882be,,0x8e74d9fd865e2baa16a57e4c5973dd11a4dc6731,,0 BNB,$0.00 ,0.000656
0xc071844ccb7f045ea1226480a396b14cfa84d4164f81b3ed18dafbbcc7aa5c66,Success,Operate Device,46733367,9/16/2024 7:42,0xec8e2097fa6ee0437dba5281eed29c016e4857b5,,0x6e141031dd615c8060ca2648b5c1a583b0e4d32d,,0 BNB,$0.00 ,0.00083
0x2e7324330bfd5a86e4390021d15959715deac0dbe253b26c4d53ca252941d384,Success,Operate Device,46839017,9/15/2024 17:50,0xa99b44f2cd8d68b64fac95e8699463c4cab2aecb,,0x1ec03675d03cc1887812d6b0eafc7156facef6ee,,0 BNB,$0.00 ,0.000781
0xe18c9a3cad7eca5904fb412a623818a67578945840072ee46ab0f7a1d5166d97,Success,Operate Device,46614446,9/15/2024 2:46,0x80944df2e11ad8390cb90bda8a5fe3b18db50963,,0xbf61b2544da16aee75c88e8385180aa1bf6087f9,,0 BNB,$0.00 ,0.000732
0x6e9701cbafdc1d10afc32ac43405b4087232ee3a8d63eade1d0d165fafbcf9a5,Fail,Operate Device,46339927,9/15/2024 2:22,0xdfb7465f8fe71f27794f6f730def04535923068a,,0xaad81cb2865b0826bee9c1abe6da23c778186935,,0 BNB,$0.00 ,0.000257
0xb4347e4b2ed780dea45a3e5270794b6e717a14ba14ae8f63d641bcb1cf3c1e8e,Success,Operate Device,46885227,9/15/2024 0:28,0x7a551d0ee4492a5019175fdf12acc26a9a508e41,,0xd36f5c820fb3d96473d94218823411273fbfda8a,,0 BNB,$0.00 ,0.000865
0xf4ef16eb78e922ec264cfd6632eab28661aa4a773be200271abae9ae25fe6135,Success,Operate Device,46999202,12/10/2024 09:11,0x02C2A0Ca41D850185fd29D81a1F2F894Ee610B3f,,0xc2d2b7fFa11Ea4DA2484759ee93d8DB157E8F0c1,,0 BNB,$0.00,0.000216
0xdbdaf6659bd0c68aebc85f30141cd6623e25910137c758718fe7b17615d6241c,Success,Operate Device,46999203,12/10/2024 09:19,0x02C2A0Ca41D850185fd29D81a1F2F894Ee610B3f,,0xc2d2b7fFa11Ea4DA2484759ee93d8DB157E8F0c1,,0 BNB,$0.00,0.000142
0xc86930976578e096409af837a0a6545e81ee49fc864465fe67caa85f2d84784a,Success,Operate Device,46999205,12/10/2024 09:28,0x02C2A0Ca41D850185fd29D81a1F2F894Ee610B3f,,0xc2d2b7fFa11Ea4DA2484759ee93d8DB157E8F0c1,,0 BNB,$0.00,0.000142
0x9d2298d8c779875803a28bb1b8616b1a4ae70bbeca63cf9cfa161088ff53b79f,Success,Operate Device,46999208,12/10/2024 09:33,0x02C2A0Ca41D850185fd29D81a1F2F894Ee610B3f,,0xc2d2b7fFa11Ea4DA2484759ee93d8DB157E8F0c1,,0 BNB,$0.00,0.000142
0x64473192d2cf5601208c7b76caf15290ad87f23637b5ba2d6d6d1602707f1177,Success,Operate Device,46999210,12/10/2024 09:34,0x02C2A0Ca41D850185fd29D81a1F2F894Ee610B3f,,0xc2d2b7fFa11Ea4DA2484759ee93d8DB157E8F0c1,,0 BNB,$0.00,0.000216
0x6dab70afb33d73ed078b3969974cf5b4c4605a485afce12208a8143dfc675db0,Success,Operate Device,46999214,12/10/2024 09:39,0x02C2A0Ca41D850185fd29D81a1F2F894Ee610B3f,,0xc2d2b7fFa11Ea4DA2484759ee93d8DB157E8F0c1,,0 BNB,$0.00,0.000216
0x548e69deba9ded42b76bc461f583d77d8fdc33c16666d5295da7f89bdbee4e4b,Success,Operate Device,46999218,12/10/2024 09:44,0x02C2A0Ca41D850185fd29D81a1F2F894Ee610B3f,,0xc2d2b7fFa11Ea4DA2484759ee93d8DB157E8F0c1,,0 BNB,$0.00,0.000142
0xebcdf9c3549eb908018c746a70fd66d3dbfe3c2024bfc0e9a06ebb882d9432b8,Success,Operate Device,46999221,12/10/2024 09:54,0x02C2A0Ca41D850185fd29D81a1F2F894Ee610B3f,,0xc2d2b7fFa11Ea4DA2484759ee93d8DB157E8F0c1,,0 BNB,$0.00,0.000142
0xbdd419d3c34d45771ec5c737c6ef0dda033169292dd58c4bd0e8a5fd94003a49,Success,Operate Device,46999226,12/10/2024 10:04,0x02C2A0Ca41D850185fd29D81a1F2F894Ee610B3f,,0xc2d2b7fFa11Ea4DA2484759ee93d8DB157E8F0c1,,0 BNB,$0.00,0.000216
0xfbdd5f876cb7f18e31e6cc5fde6e3fc1e2a69cc16aa5e1d4bfd19ad788e10ee5,Success,Operate Device,46999227,12/10/2024 10:10,0x02C2A0Ca41D850185fd29D81a1F2F894Ee610B3f,,0xc2d2b7fFa11Ea4DA2484759ee93d8DB157E8F0c1,,0 BNB,$0.00,0.000142
0x30d489c460999404020901269efca6893d2032f28205f0d1e2e38a077255a0dc,Success,Operate Device,46999230,12/10/2024 10:13,0x02C2A0Ca41D850185fd29D81a1F2F894Ee610B3f,,0xc2d2b7fFa11Ea4DA2484759ee93d8DB157E8F0c1,,0 BNB,$0.00,0.000216
0xa19eafb7f0283cd9013995939f7e25ac74e0e110d8ebf34af51249dcace8c403,Success,Operate Device,46999232,12/10/2024 10:16,0x02C2A0Ca41D850185fd29D81a1F2F894Ee610B3f,,0xc2d2b7fFa11Ea4DA2484759ee93d8DB157E8F0c1,,0 BNB,$0.00,0.000142
0xd41b2ffc06a4a051ef3dc614d2a9ef76da344825dbf190a903f6176ec58f4d06,Success,Operate Device,46999237,12/10/2024 10:23,0x02C2A0Ca41D850185fd29D81a1F2F894Ee610B3f,,0xc2d2b7fFa11Ea4DA2484759ee93d8DB157E8F0c1,,0 BNB,$0.00,0.000216
0x36d7a16850304efb2473a5c6c06fb959e881c01b301b8f20374ae63dc804247c,Success,Operate Device,46999241,12/10/2024 10:29,0x02C2A0Ca41D850185fd29D81a1F2F894Ee610B3f,,0xc2d2b7fFa11Ea4DA2484759ee93d8DB157E8F0c1,,0 BNB,$0.00,0.000142
0xfce0fb766b7ec92b03601b789d9fe011bf4ef2e0e96a3555c9709fd4b95441dd,Success,Operate Device,46999246,12/10/2024 10:32,0x02C2A0Ca41D850185fd29D81a1F2F894Ee610B3f,,0xc2d2b7fFa11Ea4DA2484759ee93d8DB157E8F0c1,,0 BNB,$0.00,0.000216
0x54858ebdf6196e84ead665c19aaa2ad3a27cfb866148c06887bf4694bae4e32a,Success,Operate Device,46999248,12/10/2024 10:35,0x02C2A0Ca41D850185fd29D81a1F2F894Ee610B3f,,0xc2d2b7fFa11Ea4DA2484759ee93d8DB157E8F0c1,,0 BNB,$0.00,0.000142
